a,sku,a,a,_store,_attribute_set,_type,category_ids,_product_websites,astro_rating,carat_weight,certification,j_colour,colour,cost,country_of_manufacture,created_at,custom_design,custom_design_from,custom_design_to,custom_layout_update,cut,description,dimensions,dimensions_rounded,dimension_length,dimension_type,dispatch_days,enable_googlecheckout,gallery,gemstone,gem_composition,gem_optical_properties,gem_trade_name_config,gem_variety_config,gift_message_available,has_options,image,image_label,manufacturer,media_gallery,metal,metal_config,meta_description,meta_keyword,meta_title,minimal_price,msrp,msrp_display_actual_price_type,msrp_enabled,name,news_from_date,news_to_date,options_container,origin,origin_region,page_layout,price,price_per_carat,price_suffix,product_type,quality_config_gem,required_options,return_policy,shape,short_description,small_image,small_image_label,special_from_date,special_price,special_to_date,status,tax_class_id,thumbnail,thumbnail_label,treatment,updated_at,url_key,url_path,vendor,vendor_id,visibility,vtiger_id,vtiger_type,weight_carat,weight,weight_config_gem,weight_ratti,weight_ratti_type_price,google_product_taxonomy,qty,min_qty,use_config_min_qty,is_qty_decimal,backorders,use_config_backorders,min_sale_qty,use_config_min_sale_qty,max_sale_qty,use_config_max_sale_qty,is_in_stock,notify_stock_qty,use_config_notify_stock_qty,manage_stock,use_config_manage_stock,stock_status_changed_auto,use_config_qty_increments,qty_increments,use_config_enable_qty_inc,enable_qty_increments,is_decimal_divided,weight_sort1,google_shopping_image,weight_grams,allow_checkout_discounts,offers,offer_type,name2,description2,gemstone2,name3,google_colour,age_group,gender,unique_product_identifier,j_center_gemstone,_links_crosssell_position,_links_upsell_sku,_links_upsell_position,_associated_sku,_associated_default_qty,_associated_position,_tier_price_website,_tier_price_customer_group,_tier_price_qty,_tier_price_price,callfor,cutting_style,gemstone3,round_of_ratti,hsn_code,shipping_days,sku_for_vendor_product,invoice_id,stickers,classification,call_for_price_text,gemstone2_type,price_range,price_per_carat_range,gemstone_benifits_new,approx_weight_range,specific_gravity,refractive_index,catalog_uploaded_by,calibrated_size_range,product_category_type
133045,GP159106,/g/p/gp159106-1-220426.jpg,gp159106-220426.mp4,admin,Gemstones,simple,,base,,5.11,AGR Certified,Violet,Violet,,,22-Apr-26,,,,,Faceted,Natural Amethyst weighing 5.11 carat In Oval shape,13.87x9.68x6.68 mm,,,Not Calibrated,0 Business Days (+5 days for typical Jewellery; +14 days for Bracelet/Gold/CZ/Diamond Items),,,Amethyst,Natural,Not Applicable,Amethyst,,,0,,,,,,Unknown,,,Natural Amethyst - 5.11 Carats (GP159106) from Brazil,,,use config,use config,Amethyst - 5.11 Carats,22-Apr-26,,Block after Info Column,Brazil,,,5500,1076,,Single Stone,,0,10 Day Money-Back Returns*,Oval,Natural Amethyst weighing 5.11 carat (5.68 ratti) from Brazil,,,,,,2,2,,,Unheated and Untreated (No Indications Observed),22-Apr-26,amethyst-gp159106,amethyst-gp159106,GP,133045,4,,Products,5.11,0.15,,5.68,5.68,Apparel & Accessories > Jewelry > Loose Stones,1,0,1,0,0,1,1,1,0,1,1,,1,0,1,0,1,0,1,0,0,511,,1.02,No,Express Dispatch,Loose Gemstone,5.11 ct Amethyst Natural Original Top Quality Lab Certified Gemstone of carat (5.68 ratti),"Buy Natural Amethyst - All 5.11 for sale online, weighing carats (roughly 5.68 ratti). The cost price of the stone is provided and its per carat can be calculated by dividing weight (5.11 carat). has many benefits. This gem stated to Unheated Untreated. value good considering properties effects. certified photos, video lab certificate are available on our online store.",Amethyst - All,5.11 ct Certified Amethyst - Unheated and Untreated Natural Top Quality Gemstone weighing carat (5.68 ratti),Violet,adult,unisex,FALSE,,,,,,,,,,,,,Faceted,Amethyst - All-Faceted-Non Calibrated,5.5,71039949,0,GP159106,5835a,,Amethyst,,3 - Semi-Precious,5500,1000,,5,2.65,1.540 - 1.550,Umesh,,MP
133051,GP159107,/g/p/gp159107-1-220426.jpg,gp159107-220426.mp4,admin,Gemstones,simple,,base,,5.44,AGR Certified,Violet,Violet,,,22-Apr-26,,,,,Faceted,Natural Amethyst weighing 5.44 carat In Cushion shape,11.62x11.52x6.81 mm,,,Not Calibrated,0 Business Days (+5 days for typical Jewellery; +14 days for Bracelet/Gold/CZ/Diamond Items),,,Amethyst,Natural,Not Applicable,Amethyst,,,0,,,,,,Unknown,,,Natural Amethyst - 5.44 Carats (GP159107) from Brazil,,,use config,use config,Amethyst - 5.44 Carats,22-Apr-26,,Block after Info Column,Brazil,,,4350,800,,Single Stone,,0,10 Day Money-Back Returns*,Cushion,Natural Amethyst weighing 5.44 carat (6.04 ratti) from Brazil,,,,,,2,2,,,Unheated and Untreated (No Indications Observed),22-Apr-26,amethyst-gp159107,amethyst-gp159107,GP,133051,4,,Products,5.44,0.15,,6.04,6.04,Apparel & Accessories > Jewelry > Loose Stones,1,0,1,0,0,1,1,1,0,1,1,,1,0,1,0,1,0,1,0,0,544,,1.09,No,Express Dispatch,Loose Gemstone,5.44 ct Amethyst Natural Original Top Quality Lab Certified Gemstone of carat (6.04 ratti),"Buy Natural Amethyst - All 5.44 for sale online, weighing carats (roughly 6.04 ratti). The cost price of the stone is provided and its per carat can be calculated by dividing weight (5.44 carat). has many benefits. This gem stated to Unheated Untreated. value good considering properties effects. certified photos, video lab certificate are available on our online store.",Amethyst - All,5.44 ct Certified Amethyst - Unheated and Untreated Natural Top Quality Gemstone weighing carat (6.04 ratti),Violet,adult,unisex,FALSE,,,,,,,,,,,,,Faceted,Amethyst - All-Faceted-Non Calibrated,6,71039949,0,GP159107,5835b,,Amethyst,,3 - Semi-Precious,4000,500,,5.25,2.65,1.540 - 1.550,Umesh,,MP
133129,GP159113,/g/p/gp159113-1-220426.jpg,gp159113-220426.mp4,admin,Gemstones,simple,,base,,5.38,AGR Certified,Red,Red,,,22-Apr-26,,,,,Cabochon,Natural Red Coral weighing 5.38 carat In Triangular shape,11.65x10.98x6.96 mm,,,Not Calibrated,0 Business Days (+5 days for typical Jewellery; +14 days for Bracelet/Gold/CZ/Diamond Items),,,Red Coral,Natural,Not Applicable,Red Coral,,,0,,,,,,Unknown,,,Natural Red Coral - 5.38 Carats (GP159113) from Italy,,,use config,use config,Red Coral - 5.38 Carats,22-Apr-26,,Block after Info Column,Italy,,,11900,2212,,Single Stone,,0,10 Day Money-Back Returns*,Triangular,Natural Red Coral weighing 5.38 carat (5.98 ratti) from Italy,,,,,,2,2,,,Unheated and Untreated (No Indications Observed),22-Apr-26,red-coral-gp159113,red-coral-gp159113,GP,133129,4,,Products,5.38,0.15,,5.98,5.98,Apparel & Accessories > Jewelry > Loose Stones,1,0,1,0,0,1,1,1,0,1,1,,1,0,1,0,1,0,1,0,0,538,,1.08,No,Express Dispatch,Loose Gemstone,5.38 ct Red Coral Natural Original Top Quality Lab Certified Gemstone of carat (5.98 ratti),"Buy Natural Red Coral - Italy (Triangular) 5.38 for sale online, weighing carats (roughly 5.98 ratti). The cost price of the stone is provided and its per carat can be calculated by dividing weight (5.38 carat). has many benefits. This gem stated to Unheated Untreated. value good considering properties effects. certified photos, video lab certificate are available on our online store.",Red Coral - Italy (Triangular),5.38 ct Certified Red Coral - Unheated and Untreated Natural Top Quality Gemstone weighing carat (5.98 ratti),Red,adult,unisex,FALSE,,,,,,,,,,,,,Cabochon,Red Coral - Italy (Triangular)-Cabochon-Non Calibrated,5.75,96019040,0,GP159113,5843a,,Red Coral,,3 - Semi-Precious,11500,2000,,5.25,2.7,1.550 Spot,Umesh,,MP
133130,GP159114,/g/p/gp159114-1-220426.jpg,gp159114-220426.mp4,admin,Gemstones,simple,,base,,5.84,AGR Certified,Red,Red,,,22-Apr-26,,,,,Cabochon,Natural Red Coral weighing 5.84 carat In Triangular shape,12.44x11.48x6.80 mm,,,Not Calibrated,0 Business Days (+5 days for typical Jewellery; +14 days for Bracelet/Gold/CZ/Diamond Items),,,Red Coral,Natural,Not Applicable,Red Coral,,,0,,,,,,Unknown,,,Natural Red Coral - 5.84 Carats (GP159114) from Italy,,,use config,use config,Red Coral - 5.84 Carats,22-Apr-26,,Block after Info Column,Italy,,,12900,2209,,Single Stone,,0,10 Day Money-Back Returns*,Triangular,Natural Red Coral weighing 5.84 carat (6.49 ratti) from Italy,,,,,,2,2,,,Unheated and Untreated (No Indications Observed),22-Apr-26,red-coral-gp159114,red-coral-gp159114,GP,133130,4,,Products,5.84,0.15,,6.49,6.49,Apparel & Accessories > Jewelry > Loose Stones,1,0,1,0,0,1,1,1,0,1,1,,1,0,1,0,1,0,1,0,0,584,,1.17,No,Express Dispatch,Loose Gemstone,5.84 ct Red Coral Natural Original Top Quality Lab Certified Gemstone of carat (6.49 ratti),"Buy Natural Red Coral - Italy (Triangular) 5.84 for sale online, weighing carats (roughly 6.49 ratti). The cost price of the stone is provided and its per carat can be calculated by dividing weight (5.84 carat). has many benefits. This gem stated to Unheated Untreated. value good considering properties effects. certified photos, video lab certificate are available on our online store.",Red Coral - Italy (Triangular),5.84 ct Certified Red Coral - Unheated and Untreated Natural Top Quality Gemstone weighing carat (6.49 ratti),Red,adult,unisex,FALSE,,,,,,,,,,,,,Cabochon,Red Coral - Italy (Triangular)-Cabochon-Non Calibrated,6.25,96019040,0,GP159114,5843a,,Red Coral,,3 - Semi-Precious,12500,2000,,5.75,2.7,1.550 Spot,Umesh,,MP
133131,GP159115,/g/p/gp159115-1-220426.jpg,gp159115-220426.mp4,admin,Gemstones,simple,,base,,5.14,AGR Certified,Red,Red,,,22-Apr-26,,,,,Cabochon,Natural Red Coral weighing 5.14 carat In Triangular shape,15.54x11.35x6.22 mm,,,Not Calibrated,0 Business Days (+5 days for typical Jewellery; +14 days for Bracelet/Gold/CZ/Diamond Items),,,Red Coral,Natural,Not Applicable,Red Coral,,,0,,,,,,Unknown,,,Natural Red Coral - 5.14 Carats (GP159115) from Italy,,,use config,use config,Red Coral - 5.14 Carats,22-Apr-26,,Block after Info Column,Italy,,,12100,2354,,Single Stone,,0,10 Day Money-Back Returns*,Triangular,Natural Red Coral weighing 5.14 carat (5.71 ratti) from Italy,,,,,,2,2,,,Unheated and Untreated (No Indications Observed),22-Apr-26,red-coral-gp159115,red-coral-gp159115,GP,133131,4,,Products,5.14,0.15,,5.71,5.71,Apparel & Accessories > Jewelry > Loose Stones,1,0,1,0,0,1,1,1,0,1,1,,1,0,1,0,1,0,1,0,0,514,,1.03,No,Express Dispatch,Loose Gemstone,5.14 ct Red Coral Natural Original Top Quality Lab Certified Gemstone of carat (5.71 ratti),"Buy Natural Red Coral - Italy (Triangular) 5.14 for sale online, weighing carats (roughly 5.71 ratti). The cost price of the stone is provided and its per carat can be calculated by dividing weight (5.14 carat). has many benefits. This gem stated to Unheated Untreated. value good considering properties effects. certified photos, video lab certificate are available on our online store.",Red Coral - Italy (Triangular),5.14 ct Certified Red Coral - Unheated and Untreated Natural Top Quality Gemstone weighing carat (5.71 ratti),Red,adult,unisex,FALSE,,,,,,,,,,,,,Cabochon,Red Coral - Italy (Triangular)-Cabochon-Non Calibrated,5.5,96019040,0,GP159115,5843a,,Red Coral,,1 - Precious,12000,2000,provides balance and stability,5,2.7,1.550 Spot,Umesh,,MP
133132,GP159116,/g/p/gp159116-1-220426.jpg,gp159116-220426.mp4,admin,Gemstones,simple,,base,,5.11,AGR Certified,Red,Red,,,22-Apr-26,,,,,Cabochon,Natural Red Coral weighing 5.11 carat In Triangular shape,12.13x10.98x6.36 mm,,,Not Calibrated,0 Business Days (+5 days for typical Jewellery; +14 days for Bracelet/Gold/CZ/Diamond Items),,,Red Coral,Natural,Not Applicable,Red Coral,,,0,,,,,,Unknown,,,Natural Red Coral - 5.11 Carats (GP159116) from Italy,,,use config,use config,Red Coral - 5.11 Carats,22-Apr-26,,Block after Info Column,Italy,,,12100,2368,,Single Stone,,0,10 Day Money-Back Returns*,Triangular,Natural Red Coral weighing 5.11 carat (5.68 ratti) from Italy,,,,,,2,2,,,Unheated and Untreated (No Indications Observed),22-Apr-26,red-coral-gp159116,red-coral-gp159116,GP,133132,4,,Products,5.11,0.15,,5.68,5.68,Apparel & Accessories > Jewelry > Loose Stones,1,0,1,0,0,1,1,1,0,1,1,,1,0,1,0,1,0,1,0,0,511,,1.02,No,Express Dispatch,Loose Gemstone,5.11 ct Red Coral Natural Original Top Quality Lab Certified Gemstone of carat (5.68 ratti),"Buy Natural Red Coral - Italy (Triangular) 5.11 for sale online, weighing carats (roughly 5.68 ratti). The cost price of the stone is provided and its per carat can be calculated by dividing weight (5.11 carat). has many benefits. This gem stated to Unheated Untreated. value good considering properties effects. certified photos, video lab certificate are available on our online store.",Red Coral - Italy (Triangular),5.11 ct Certified Red Coral - Unheated and Untreated Natural Top Quality Gemstone weighing carat (5.68 ratti),Red,adult,unisex,FALSE,,,,,,,,,,,,,Cabochon,Red Coral - Italy (Triangular)-Cabochon-Non Calibrated,5.5,96019040,0,GP159116,5843a,,Red Coral,,1 - Precious,12000,2000,provides balance and stability,5,2.7,1.550 Spot,Umesh,,MP
133133,GP159117,/g/p/gp159117-1-220426.jpg,gp159117-220426.mp4,admin,Gemstones,simple,,base,,5.38,AGR Certified,Red,Red,,,22-Apr-26,,,,,Cabochon,Natural Red Coral weighing 5.38 carat In Triangular shape,13.33x10.99x5.93 mm,,,Not Calibrated,0 Business Days (+5 days for typical Jewellery; +14 days for Bracelet/Gold/CZ/Diamond Items),,,Red Coral,Natural,Not Applicable,Red Coral,,,0,,,,,,Unknown,,,Natural Red Coral - 5.38 Carats (GP159117) from Italy,,,use config,use config,Red Coral - 5.38 Carats,22-Apr-26,,Block after Info Column,Italy,,,11900,2212,,Single Stone,,0,10 Day Money-Back Returns*,Triangular,Natural Red Coral weighing 5.38 carat (5.98 ratti) from Italy,,,,,,2,2,,,Unheated and Untreated (No Indications Observed),22-Apr-26,red-coral-gp159117,red-coral-gp159117,GP,133133,4,,Products,5.38,0.15,,5.98,5.98,Apparel & Accessories > Jewelry > Loose Stones,1,0,1,0,0,1,1,1,0,1,1,,1,0,1,0,1,0,1,0,0,538,,1.08,No,Express Dispatch,Loose Gemstone,5.38 ct Red Coral Natural Original Top Quality Lab Certified Gemstone of carat (5.98 ratti),"Buy Natural Red Coral - Italy (Triangular) 5.38 for sale online, weighing carats (roughly 5.98 ratti). The cost price of the stone is provided and its per carat can be calculated by dividing weight (5.38 carat). has many benefits. This gem stated to Unheated Untreated. value good considering properties effects. certified photos, video lab certificate are available on our online store.",Red Coral - Italy (Triangular),5.38 ct Certified Red Coral - Unheated and Untreated Natural Top Quality Gemstone weighing carat (5.98 ratti),Red,adult,unisex,FALSE,,,,,,,,,,,,,Cabochon,Red Coral - Italy (Triangular)-Cabochon-Non Calibrated,5.75,96019040,0,GP159117,5843a,,Red Coral,,1 - Precious,11500,2000,provides balance and stability,5.25,2.7,1.550 Spot,Umesh,,MP
133134,GP159118,/g/p/gp159118-1-220426.jpg,gp159118-220426.mp4,admin,Gemstones,simple,,base,,5.79,AGR Certified,Red,Red,,,22-Apr-26,,,,,Cabochon,Natural Red Coral weighing 5.79 carat In Triangular shape,13.11x10.98x6.37 mm,,,Not Calibrated,0 Business Days (+5 days for typical Jewellery; +14 days for Bracelet/Gold/CZ/Diamond Items),,,Red Coral,Natural,Not Applicable,Red Coral,,,0,,,,,,Unknown,,,Natural Red Coral - 5.79 Carats (GP159118) from Italy,,,use config,use config,Red Coral - 5.79 Carats,22-Apr-26,,Block after Info Column,Italy,,,12800,2211,,Single Stone,,0,10 Day Money-Back Returns*,Triangular,Natural Red Coral weighing 5.79 carat (6.43 ratti) from Italy,,,,,,2,2,,,Unheated and Untreated (No Indications Observed),22-Apr-26,red-coral-gp159118,red-coral-gp159118,GP,133134,4,,Products,5.79,0.15,,6.43,6.43,Apparel & Accessories > Jewelry > Loose Stones,1,0,1,0,0,1,1,1,0,1,1,,1,0,1,0,1,0,1,0,0,579,,1.16,No,Express Dispatch,Loose Gemstone,5.79 ct Red Coral Natural Original Top Quality Lab Certified Gemstone of carat (6.43 ratti),"Buy Natural Red Coral - Italy (Triangular) 5.79 for sale online, weighing carats (roughly 6.43 ratti). The cost price of the stone is provided and its per carat can be calculated by dividing weight (5.79 carat). has many benefits. This gem stated to Unheated Untreated. value good considering properties effects. certified photos, video lab certificate are available on our online store.",Red Coral - Italy (Triangular),5.79 ct Certified Red Coral - Unheated and Untreated Natural Top Quality Gemstone weighing carat (6.43 ratti),Red,adult,unisex,FALSE,,,,,,,,,,,,,Cabochon,Red Coral - Italy (Triangular)-Cabochon-Non Calibrated,6.25,96019040,0,GP159118,5843a,,Red Coral,,1 - Precious,12500,2000,provides balance and stability,5.75,2.7,1.550 Spot,Umesh,,MP
133135,GP159119,/g/p/gp159119-1-220426.jpg,gp159119-220426.mp4,admin,Gemstones,simple,,base,,5.24,AGR Certified,Red,Red,,,22-Apr-26,,,,,Cabochon,Natural Red Coral weighing 5.24 carat In Triangular shape,12.08x10.73x6.49 mm,,,Not Calibrated,0 Business Days (+5 days for typical Jewellery; +14 days for Bracelet/Gold/CZ/Diamond Items),,,Red Coral,Natural,Not Applicable,Red Coral,,,0,,,,,,Unknown,,,Natural Red Coral - 5.24 Carats (GP159119) from Italy,,,use config,use config,Red Coral - 5.24 Carats,22-Apr-26,,Block after Info Column,Italy,,,11600,2214,,Single Stone,,0,10 Day Money-Back Returns*,Triangular,Natural Red Coral weighing 5.24 carat (5.82 ratti) from Italy,,,,,,2,2,,,Unheated and Untreated (No Indications Observed),22-Apr-26,red-coral-gp159119,red-coral-gp159119,GP,133135,4,,Products,5.24,0.15,,5.82,5.82,Apparel & Accessories > Jewelry > Loose Stones,1,0,1,0,0,1,1,1,0,1,1,,1,0,1,0,1,0,1,0,0,524,,1.05,No,Express Dispatch,Loose Gemstone,5.24 ct Red Coral Natural Original Top Quality Lab Certified Gemstone of carat (5.82 ratti),"Buy Natural Red Coral - Italy (Triangular) 5.24 for sale online, weighing carats (roughly 5.82 ratti). The cost price of the stone is provided and its per carat can be calculated by dividing weight (5.24 carat). has many benefits. This gem stated to Unheated Untreated. value good considering properties effects. certified photos, video lab certificate are available on our online store.",Red Coral - Italy (Triangular),5.24 ct Certified Red Coral - Unheated and Untreated Natural Top Quality Gemstone weighing carat (5.82 ratti),Red,adult,unisex,FALSE,,,,,,,,,,,,,Cabochon,Red Coral - Italy (Triangular)-Cabochon-Non Calibrated,5.75,96019040,0,GP159119,5843a,,Red Coral,,1 - Precious,11500,2000,provides balance and stability,5,2.7,1.550 Spot,Umesh,,MP
133136,GP159120,/g/p/gp159120-1-220426.jpg,gp159120-220426.mp4,admin,Gemstones,simple,,base,,5.96,AGR Certified,Red,Red,,,22-Apr-26,,,,,Cabochon,Natural Red Coral weighing 5.96 carat In Triangular shape,12.00x11.66x7.06 mm,,,Not Calibrated,0 Business Days (+5 days for typical Jewellery; +14 days for Bracelet/Gold/CZ/Diamond Items),,,Red Coral,Natural,Not Applicable,Red Coral,,,0,,,,,,Unknown,,,Natural Red Coral - 5.96 Carats (GP159120) from Italy,,,use config,use config,Red Coral - 5.96 Carats,22-Apr-26,,Block after Info Column,Italy,,,13100,2198,,Single Stone,,0,10 Day Money-Back Returns*,Triangular,Natural Red Coral weighing 5.96 carat (6.62 ratti) from Italy,,,,,,2,2,,,Unheated and Untreated (No Indications Observed),22-Apr-26,red-coral-gp159120,red-coral-gp159120,GP,133136,4,,Products,5.96,0.15,,6.62,6.62,Apparel & Accessories > Jewelry > Loose Stones,1,0,1,0,0,1,1,1,0,1,1,,1,0,1,0,1,0,1,0,0,596,,1.19,No,Express Dispatch,Loose Gemstone,5.96 ct Red Coral Natural Original Top Quality Lab Certified Gemstone of carat (6.62 ratti),"Buy Natural Red Coral - Italy (Triangular) 5.96 for sale online, weighing carats (roughly 6.62 ratti). The cost price of the stone is provided and its per carat can be calculated by dividing weight (5.96 carat). has many benefits. This gem stated to Unheated Untreated. value good considering properties effects. certified photos, video lab certificate are available on our online store.",Red Coral - Italy (Triangular),5.96 ct Certified Red Coral - Unheated and Untreated Natural Top Quality Gemstone weighing carat (6.62 ratti),Red,adult,unisex,FALSE,,,,,,,,,,,,,Cabochon,Red Coral - Italy (Triangular)-Cabochon-Non Calibrated,6.5,96019040,0,GP159120,5843a,,Red Coral,,1 - Precious,13000,2000,provides balance and stability,5.75,2.7,1.550 Spot,Umesh,,MP
133137,GP159121,/g/p/gp159121-1-220426.jpg,gp159121-220426.mp4,admin,Gemstones,simple,,base,,4.97,AGR Certified,Red,Red,,,22-Apr-26,,,,,Cabochon,Natural Red Coral weighing 4.97 carat In Triangular shape,11.42x10.80x6.28 mm,,,Not Calibrated,0 Business Days (+5 days for typical Jewellery; +14 days for Bracelet/Gold/CZ/Diamond Items),,,Red Coral,Natural,Not Applicable,Red Coral,,,0,,,,,,Unknown,,,Natural Red Coral - 4.97 Carats (GP159121) from Italy,,,use config,use config,Red Coral - 4.97 Carats,22-Apr-26,,Block after Info Column,Italy,,,11700,2354,,Single Stone,,0,10 Day Money-Back Returns*,Triangular,Natural Red Coral weighing 4.97 carat (5.52 ratti) from Italy,,,,,,2,2,,,Unheated and Untreated (No Indications Observed),22-Apr-26,red-coral-gp159121,red-coral-gp159121,GP,133137,4,,Products,4.97,0.15,,5.52,5.52,Apparel & Accessories > Jewelry > Loose Stones,1,0,1,0,0,1,1,1,0,1,1,,1,0,1,0,1,0,1,0,0,497,,0.99,No,Express Dispatch,Loose Gemstone,4.97 ct Red Coral Natural Original Top Quality Lab Certified Gemstone of carat (5.52 ratti),"Buy Natural Red Coral - Italy (Triangular) 4.97 for sale online, weighing carats (roughly 5.52 ratti). The cost price of the stone is provided and its per carat can be calculated by dividing weight (4.97 carat). has many benefits. This gem stated to Unheated Untreated. value good considering properties effects. certified photos, video lab certificate are available on our online store.",Red Coral - Italy (Triangular),4.97 ct Certified Red Coral - Unheated and Untreated Natural Top Quality Gemstone weighing carat (5.52 ratti),Red,adult,unisex,FALSE,,,,,,,,,,,,,Cabochon,Red Coral - Italy (Triangular)-Cabochon-Non Calibrated,5.5,96019040,0,GP159121,5843a,,Red Coral,,1 - Precious,11500,2000,provides balance and stability,4.75,2.7,1.550 Spot,Umesh,,MP
133139,GP159122,/g/p/gp159122-1-220426.jpg,gp159122-220426.mp4,admin,Gemstones,simple,,base,,5.68,AGR Certified,Red,Red,,,22-Apr-26,,,,,Cabochon,Natural Red Coral weighing 5.68 carat In Triangular shape,12.42x11.48x6.43 mm,,,Not Calibrated,0 Business Days (+5 days for typical Jewellery; +14 days for Bracelet/Gold/CZ/Diamond Items),,,Red Coral,Natural,Not Applicable,Red Coral,,,0,,,,,,Unknown,,,Natural Red Coral - 5.68 Carats (GP159122) from Italy,,,use config,use config,Red Coral - 5.68 Carats,22-Apr-26,,Block after Info Column,Italy,,,13800,2430,,Single Stone,,0,10 Day Money-Back Returns*,Triangular,Natural Red Coral weighing 5.68 carat (6.31 ratti) from Italy,,,,,,2,2,,,Unheated and Untreated (No Indications Observed),22-Apr-26,red-coral-gp159122,red-coral-gp159122,GP,133139,4,,Products,5.68,0.15,,6.31,6.31,Apparel & Accessories > Jewelry > Loose Stones,1,0,1,0,0,1,1,1,0,1,1,,1,0,1,0,1,0,1,0,0,568,,1.14,No,Express Dispatch,Loose Gemstone,5.68 ct Red Coral Natural Original Top Quality Lab Certified Gemstone of carat (6.31 ratti),"Buy Natural Red Coral - Italy (Triangular) 5.68 for sale online, weighing carats (roughly 6.31 ratti). The cost price of the stone is provided and its per carat can be calculated by dividing weight (5.68 carat). has many benefits. This gem stated to Unheated Untreated. value good considering properties effects. certified photos, video lab certificate are available on our online store.",Red Coral - Italy (Triangular),5.68 ct Certified Red Coral - Unheated and Untreated Natural Top Quality Gemstone weighing carat (6.31 ratti),Red,adult,unisex,FALSE,,,,,,,,,,,,,Cabochon,Red Coral - Italy (Triangular)-Cabochon-Non Calibrated,6.25,96019040,0,GP159122,5843a,,Red Coral,,1 - Precious,13500,2000,provides balance and stability,5.5,2.7,1.550 Spot,Umesh,,MP
133140,GP159123,/g/p/gp159123-1-220426.jpg,gp159123-220426.mp4,admin,Gemstones,simple,,base,,5.87,AGR Certified,Red,Red,,,22-Apr-26,,,,,Cabochon,Natural Red Coral weighing 5.87 carat In Triangular shape,13.43x11.78x6.21 mm,,,Not Calibrated,0 Business Days (+5 days for typical Jewellery; +14 days for Bracelet/Gold/CZ/Diamond Items),,,Red Coral,Natural,Not Applicable,Red Coral,,,0,,,,,,Unknown,,,Natural Red Coral - 5.87 Carats (GP159123) from Italy,,,use config,use config,Red Coral - 5.87 Carats,22-Apr-26,,Block after Info Column,Italy,,,12900,2198,,Single Stone,,0,10 Day Money-Back Returns*,Triangular,Natural Red Coral weighing 5.87 carat (6.52 ratti) from Italy,,,,,,2,2,,,Unheated and Untreated (No Indications Observed),22-Apr-26,red-coral-gp159123,red-coral-gp159123,GP,133140,4,,Products,5.87,0.15,,6.52,6.52,Apparel & Accessories > Jewelry > Loose Stones,1,0,1,0,0,1,1,1,0,1,1,,1,0,1,0,1,0,1,0,0,587,,1.17,No,Express Dispatch,Loose Gemstone,5.87 ct Red Coral Natural Original Top Quality Lab Certified Gemstone of carat (6.52 ratti),"Buy Natural Red Coral - Italy (Triangular) 5.87 for sale online, weighing carats (roughly 6.52 ratti). The cost price of the stone is provided and its per carat can be calculated by dividing weight (5.87 carat). has many benefits. This gem stated to Unheated Untreated. value good considering properties effects. certified photos, video lab certificate are available on our online store.",Red Coral - Italy (Triangular),5.87 ct Certified Red Coral - Unheated and Untreated Natural Top Quality Gemstone weighing carat (6.52 ratti),Red,adult,unisex,FALSE,,,,,,,,,,,,,Cabochon,Red Coral - Italy (Triangular)-Cabochon-Non Calibrated,6.5,96019040,0,GP159123,5843a,,Red Coral,,3 - Semi-Precious,12500,2000,,5.75,2.7,1.550 Spot,Umesh,,MP
133141,GP159124,/g/p/gp159124-1-220426.jpg,gp159124-220426.mp4,admin,Gemstones,simple,,base,,5.52,AGR Certified,Red,Red,,,22-Apr-26,,,,,Cabochon,Natural Red Coral weighing 5.52 carat In Triangular shape,13.99x10.97x5.65 mm,,,Not Calibrated,0 Business Days (+5 days for typical Jewellery; +14 days for Bracelet/Gold/CZ/Diamond Items),,,Red Coral,Natural,Not Applicable,Red Coral,,,0,,,,,,Unknown,,,Natural Red Coral - 5.52 Carats (GP159124) from Italy,,,use config,use config,Red Coral - 5.52 Carats,22-Apr-26,,Block after Info Column,Italy,,,12200,2210,,Single Stone,,0,10 Day Money-Back Returns*,Triangular,Natural Red Coral weighing 5.52 carat (6.13 ratti) from Italy,,,,,,2,2,,,Unheated and Untreated (No Indications Observed),22-Apr-26,red-coral-gp159124,red-coral-gp159124,GP,133141,4,,Products,5.52,0.15,,6.13,6.13,Apparel & Accessories > Jewelry > Loose Stones,1,0,1,0,0,1,1,1,0,1,1,,1,0,1,0,1,0,1,0,0,552,,1.1,No,Express Dispatch,Loose Gemstone,5.52 ct Red Coral Natural Original Top Quality Lab Certified Gemstone of carat (6.13 ratti),"Buy Natural Red Coral - Italy (Triangular) 5.52 for sale online, weighing carats (roughly 6.13 ratti). The cost price of the stone is provided and its per carat can be calculated by dividing weight (5.52 carat). has many benefits. This gem stated to Unheated Untreated. value good considering properties effects. certified photos, video lab certificate are available on our online store.",Red Coral - Italy (Triangular),5.52 ct Certified Red Coral - Unheated and Untreated Natural Top Quality Gemstone weighing carat (6.13 ratti),Red,adult,unisex,FALSE,,,,,,,,,,,,,Cabochon,Red Coral - Italy (Triangular)-Cabochon-Non Calibrated,6,96019040,0,GP159124,5843a,,Red Coral,,3 - Semi-Precious,12000,2000,,5.5,2.7,1.550 Spot,Umesh,,MP
133142,GP159125,/g/p/gp159125-1-220426.jpg,gp159125-220426.mp4,admin,Gemstones,simple,,base,,5.89,AGR Certified,Red,Red,,,22-Apr-26,,,,,Cabochon,Natural Red Coral weighing 5.89 carat In Triangular shape,13.13x11.47x6.26 mm,,,Not Calibrated,0 Business Days (+5 days for typical Jewellery; +14 days for Bracelet/Gold/CZ/Diamond Items),,,Red Coral,Natural,Not Applicable,Red Coral,,,0,,,,,,Unknown,,,Natural Red Coral - 5.89 Carats (GP159125) from Italy,,,use config,use config,Red Coral - 5.89 Carats,22-Apr-26,,Block after Info Column,Italy,,,13000,2207,,Single Stone,,0,10 Day Money-Back Returns*,Triangular,Natural Red Coral weighing 5.89 carat (6.54 ratti) from Italy,,,,,,2,2,,,Unheated and Untreated (No Indications Observed),22-Apr-26,red-coral-gp159125,red-coral-gp159125,GP,133142,4,,Products,5.89,0.15,,6.54,6.54,Apparel & Accessories > Jewelry > Loose Stones,1,0,1,0,0,1,1,1,0,1,1,,1,0,1,0,1,0,1,0,0,589,,1.18,No,Express Dispatch,Loose Gemstone,5.89 ct Red Coral Natural Original Top Quality Lab Certified Gemstone of carat (6.54 ratti),"Buy Natural Red Coral - Italy (Triangular) 5.89 for sale online, weighing carats (roughly 6.54 ratti). The cost price of the stone is provided and its per carat can be calculated by dividing weight (5.89 carat). has many benefits. This gem stated to Unheated Untreated. value good considering properties effects. certified photos, video lab certificate are available on our online store.",Red Coral - Italy (Triangular),5.89 ct Certified Red Coral - Unheated and Untreated Natural Top Quality Gemstone weighing carat (6.54 ratti),Red,adult,unisex,FALSE,,,,,,,,,,,,,Cabochon,Red Coral - Italy (Triangular)-Cabochon-Non Calibrated,6.5,96019040,0,GP159125,5843a,,Red Coral,,3 - Semi-Precious,13000,2000,,5.75,2.7,1.550 Spot,Umesh,,MP
133143,GP159126,/g/p/gp159126-1-220426.jpg,gp159126-220426.mp4,admin,Gemstones,simple,,base,,5.02,AGR Certified,Red,Red,,,22-Apr-26,,,,,Cabochon,Natural Red Coral weighing 5.02 carat In Triangular shape,11.02x10.40x6.82 mm,,,Not Calibrated,0 Business Days (+5 days for typical Jewellery; +14 days for Bracelet/Gold/CZ/Diamond Items),,,Red Coral,Natural,Not Applicable,Red Coral,,,0,,,,,,Unknown,,,Natural Red Coral - 5.02 Carats (GP159126) from Italy,,,use config,use config,Red Coral - 5.02 Carats,22-Apr-26,,Block after Info Column,Italy,,,11800,2351,,Single Stone,,0,10 Day Money-Back Returns*,Triangular,Natural Red Coral weighing 5.02 carat (5.58 ratti) from Italy,,,,,,2,2,,,Unheated and Untreated (No Indications Observed),22-Apr-26,red-coral-gp159126,red-coral-gp159126,GP,133143,4,,Products,5.02,0.15,,5.58,5.58,Apparel & Accessories > Jewelry > Loose Stones,1,0,1,0,0,1,1,1,0,1,1,,1,0,1,0,1,0,1,0,0,502,,1,No,Express Dispatch,Loose Gemstone,5.02 ct Red Coral Natural Original Top Quality Lab Certified Gemstone of carat (5.58 ratti),"Buy Natural Red Coral - Italy (Triangular) 5.02 for sale online, weighing carats (roughly 5.58 ratti). The cost price of the stone is provided and its per carat can be calculated by dividing weight (5.02 carat). has many benefits. This gem stated to Unheated Untreated. value good considering properties effects. certified photos, video lab certificate are available on our online store.",Red Coral - Italy (Triangular),5.02 ct Certified Red Coral - Unheated and Untreated Natural Top Quality Gemstone weighing carat (5.58 ratti),Red,adult,unisex,FALSE,,,,,,,,,,,,,Cabochon,Red Coral - Italy (Triangular)-Cabochon-Non Calibrated,5.5,96019040,0,GP159126,5843a,,Red Coral,,3 - Semi-Precious,11500,2000,,5,2.7,1.550 Spot,Umesh,,MP
133145,GP159127,/g/p/gp159127-1-220426.jpg,gp159127-220426.mp4,admin,Gemstones,simple,,base,,5.74,AGR Certified,Red,Red,,,22-Apr-26,,,,,Cabochon,Natural Red Coral weighing 5.74 carat In Triangular shape,12.48x11.00x6.99 mm,,,Not Calibrated,0 Business Days (+5 days for typical Jewellery; +14 days for Bracelet/Gold/CZ/Diamond Items),,,Red Coral,Natural,Not Applicable,Red Coral,,,0,,,,,,Unknown,,,Natural Red Coral - 5.74 Carats (GP159127) from Italy,,,use config,use config,Red Coral - 5.74 Carats,22-Apr-26,,Block after Info Column,Italy,,,12700,2213,,Single Stone,,0,10 Day Money-Back Returns*,Triangular,Natural Red Coral weighing 5.74 carat (6.38 ratti) from Italy,,,,,,2,2,,,Unheated and Untreated (No Indications Observed),22-Apr-26,red-coral-gp159127,red-coral-gp159127,GP,133145,4,,Products,5.74,0.15,,6.38,6.38,Apparel & Accessories > Jewelry > Loose Stones,1,0,1,0,0,1,1,1,0,1,1,,1,0,1,0,1,0,1,0,0,574,,1.15,No,Express Dispatch,Loose Gemstone,5.74 ct Red Coral Natural Original Top Quality Lab Certified Gemstone of carat (6.38 ratti),"Buy Natural Red Coral - Italy (Triangular) 5.74 for sale online, weighing carats (roughly 6.38 ratti). The cost price of the stone is provided and its per carat can be calculated by dividing weight (5.74 carat). has many benefits. This gem stated to Unheated Untreated. value good considering properties effects. certified photos, video lab certificate are available on our online store.",Red Coral - Italy (Triangular),5.74 ct Certified Red Coral - Unheated and Untreated Natural Top Quality Gemstone weighing carat (6.38 ratti),Red,adult,unisex,FALSE,,,,,,,,,,,,,Cabochon,Red Coral - Italy (Triangular)-Cabochon-Non Calibrated,6.25,96019040,0,GP159127,5843a,,Red Coral,,3 - Semi-Precious,12500,2000,,5.5,2.7,1.550 Spot,Umesh,,MP
133146,GP159128,/g/p/gp159128-1-220426.jpg,gp159128-220426.mp4,admin,Gemstones,simple,,base,,5.43,AGR Certified,Red,Red,,,22-Apr-26,,,,,Cabochon,Natural Red Coral weighing 5.43 carat In Triangular shape,13.13x10.40x6.71 mm,,,Not Calibrated,0 Business Days (+5 days for typical Jewellery; +14 days for Bracelet/Gold/CZ/Diamond Items),,,Red Coral,Natural,Not Applicable,Red Coral,,,0,,,,,,Unknown,,,Natural Red Coral - 5.43 Carats (GP159128) from Italy,,,use config,use config,Red Coral - 5.43 Carats,22-Apr-26,,Block after Info Column,Italy,,,12000,2210,,Single Stone,,0,10 Day Money-Back Returns*,Triangular,Natural Red Coral weighing 5.43 carat (6.03 ratti) from Italy,,,,,,2,2,,,Unheated and Untreated (No Indications Observed),22-Apr-26,red-coral-gp159128,red-coral-gp159128,GP,133146,4,,Products,5.43,0.15,,6.03,6.03,Apparel & Accessories > Jewelry > Loose Stones,1,0,1,0,0,1,1,1,0,1,1,,1,0,1,0,1,0,1,0,0,543,,1.09,No,Express Dispatch,Loose Gemstone,5.43 ct Red Coral Natural Original Top Quality Lab Certified Gemstone of carat (6.03 ratti),"Buy Natural Red Coral - Italy (Triangular) 5.43 for sale online, weighing carats (roughly 6.03 ratti). The cost price of the stone is provided and its per carat can be calculated by dividing weight (5.43 carat). has many benefits. This gem stated to Unheated Untreated. value good considering properties effects. certified photos, video lab certificate are available on our online store.",Red Coral - Italy (Triangular),5.43 ct Certified Red Coral - Unheated and Untreated Natural Top Quality Gemstone weighing carat (6.03 ratti),Red,adult,unisex,FALSE,,,,,,,,,,,,,Cabochon,Red Coral - Italy (Triangular)-Cabochon-Non Calibrated,6,96019040,0,GP159128,5843a,,Red Coral,,3 - Semi-Precious,12000,2000,,5.25,2.7,1.550 Spot,Umesh,,MP
133147,GP159129,/g/p/gp159129-1-220426.jpg,gp159129-220426.mp4,admin,Gemstones,simple,,base,,5.5,AGR Certified,Red,Red,,,22-Apr-26,,,,,Cabochon,Natural Red Coral weighing 5.50 carat In Triangular shape,12.74x10.98x6.62 mm,,,Not Calibrated,0 Business Days (+5 days for typical Jewellery; +14 days for Bracelet/Gold/CZ/Diamond Items),,,Red Coral,Natural,Not Applicable,Red Coral,,,0,,,,,,Unknown,,,Natural Red Coral - 5.50 Carats (GP159129) from Italy,,,use config,use config,Red Coral - 5.50 Carats,22-Apr-26,,Block after Info Column,Italy,,,12100,2200,,Single Stone,,0,10 Day Money-Back Returns*,Triangular,Natural Red Coral weighing 5.50 carat (6.11 ratti) from Italy,,,,,,2,2,,,Unheated and Untreated (No Indications Observed),22-Apr-26,red-coral-gp159129,red-coral-gp159129,GP,133147,4,,Products,5.5,0.15,,6.11,6.11,Apparel & Accessories > Jewelry > Loose Stones,1,0,1,0,0,1,1,1,0,1,1,,1,0,1,0,1,0,1,0,0,550,,1.1,No,Express Dispatch,Loose Gemstone,5.50 ct Red Coral Natural Original Top Quality Lab Certified Gemstone of carat (6.11 ratti),"Buy Natural Red Coral - Italy (Triangular) 5.50 for sale online, weighing carats (roughly 6.11 ratti). The cost price of the stone is provided and its per carat can be calculated by dividing weight (5.50 carat). has many benefits. This gem stated to Unheated Untreated. value good considering properties effects. certified photos, video lab certificate are available on our online store.",Red Coral - Italy (Triangular),5.50 ct Certified Red Coral - Unheated and Untreated Natural Top Quality Gemstone weighing carat (6.11 ratti),Red,adult,unisex,FALSE,,,,,,,,,,,,,Cabochon,Red Coral - Italy (Triangular)-Cabochon-Non Calibrated,6,96019040,0,GP159129,5843a,,Red Coral,,3 - Semi-Precious,12000,2000,"Deaddiction, Remove Negativity",5.5,2.7,1.550 Spot,Umesh,,MP
133148,GP159130,/g/p/gp159130-1-220426.jpg,gp159130-220426.mp4,admin,Gemstones,simple,,base,,5.75,AGR Certified,Red,Red,,,22-Apr-26,,,,,Cabochon,Natural Red Coral weighing 5.75 carat In Triangular shape,13.61x12.35x6.00 mm,,,Not Calibrated,0 Business Days (+5 days for typical Jewellery; +14 days for Bracelet/Gold/CZ/Diamond Items),,,Red Coral,Natural,Not Applicable,Red Coral,,,0,,,,,,Unknown,,,Natural Red Coral - 5.75 Carats (GP159130) from Italy,,,use config,use config,Red Coral - 5.75 Carats,22-Apr-26,,Block after Info Column,Italy,,,12700,2209,,Single Stone,,0,10 Day Money-Back Returns*,Triangular,Natural Red Coral weighing 5.75 carat (6.39 ratti) from Italy,,,,,,2,2,,,Unheated and Untreated (No Indications Observed),22-Apr-26,red-coral-gp159130,red-coral-gp159130,GP,133148,4,,Products,5.75,0.15,,6.39,6.39,Apparel & Accessories > Jewelry > Loose Stones,1,0,1,0,0,1,1,1,0,1,1,,1,0,1,0,1,0,1,0,0,575,,1.15,No,Express Dispatch,Loose Gemstone,5.75 ct Red Coral Natural Original Top Quality Lab Certified Gemstone of carat (6.39 ratti),"Buy Natural Red Coral - Italy (Triangular) 5.75 for sale online, weighing carats (roughly 6.39 ratti). The cost price of the stone is provided and its per carat can be calculated by dividing weight (5.75 carat). has many benefits. This gem stated to Unheated Untreated. value good considering properties effects. certified photos, video lab certificate are available on our online store.",Red Coral - Italy (Triangular),5.75 ct Certified Red Coral - Unheated and Untreated Natural Top Quality Gemstone weighing carat (6.39 ratti),Red,adult,unisex,FALSE,,,,,,,,,,,,,Cabochon,Red Coral - Italy (Triangular)-Cabochon-Non Calibrated,6.25,96019040,0,GP159130,5843a,,Red Coral,,3 - Semi-Precious,12500,2000,"Deaddiction, Remove Negativity",5.75,2.7,1.550 Spot,Umesh,,MP
133149,GP159131,/g/p/gp159131-1-220426.jpg,gp159131-220426.mp4,admin,Gemstones,simple,,base,,5.87,AGR Certified,Red,Red,,,22-Apr-26,,,,,Cabochon,Natural Red Coral weighing 5.87 carat In Triangular shape,11.93x11.50x6.59 mm,,,Not Calibrated,0 Business Days (+5 days for typical Jewellery; +14 days for Bracelet/Gold/CZ/Diamond Items),,,Red Coral,Natural,Not Applicable,Red Coral,,,0,,,,,,Unknown,,,Natural Red Coral - 5.87 Carats (GP159131) from Italy,,,use config,use config,Red Coral - 5.87 Carats,22-Apr-26,,Block after Info Column,Italy,,,12900,2198,,Single Stone,,0,10 Day Money-Back Returns*,Triangular,Natural Red Coral weighing 5.87 carat (6.52 ratti) from Italy,,,,,,2,2,,,Unheated and Untreated (No Indications Observed),22-Apr-26,red-coral-gp159131,red-coral-gp159131,GP,133149,4,,Products,5.87,0.15,,6.52,6.52,Apparel & Accessories > Jewelry > Loose Stones,1,0,1,0,0,1,1,1,0,1,1,,1,0,1,0,1,0,1,0,0,587,,1.17,No,Express Dispatch,Loose Gemstone,5.87 ct Red Coral Natural Original Top Quality Lab Certified Gemstone of carat (6.52 ratti),"Buy Natural Red Coral - Italy (Triangular) 5.87 for sale online, weighing carats (roughly 6.52 ratti). The cost price of the stone is provided and its per carat can be calculated by dividing weight (5.87 carat). has many benefits. This gem stated to Unheated Untreated. value good considering properties effects. certified photos, video lab certificate are available on our online store.",Red Coral - Italy (Triangular),5.87 ct Certified Red Coral - Unheated and Untreated Natural Top Quality Gemstone weighing carat (6.52 ratti),Red,adult,unisex,FALSE,,,,,,,,,,,,,Cabochon,Red Coral - Italy (Triangular)-Cabochon-Non Calibrated,6.5,96019040,0,GP159131,5843a,,Red Coral,,3 - Semi-Precious,12500,2000,"Deaddiction, Remove Negativity",5.75,2.7,1.550 Spot,Umesh,,MP
133150,GP159132,/g/p/gp159132-1-220426.jpg,gp159132-220426.mp4,admin,Gemstones,simple,,base,,5.44,AGR Certified,Red,Red,,,22-Apr-26,,,,,Cabochon,Natural Red Coral weighing 5.44 carat In Triangular shape,12.37x11.68x6.48 mm,,,Not Calibrated,0 Business Days (+5 days for typical Jewellery; +14 days for Bracelet/Gold/CZ/Diamond Items),,,Red Coral,Natural,Not Applicable,Red Coral,,,0,,,,,,Unknown,,,Natural Red Coral - 5.44 Carats (GP159132) from Italy,,,use config,use config,Red Coral - 5.44 Carats,22-Apr-26,,Block after Info Column,Italy,,,12000,2206,,Single Stone,,0,10 Day Money-Back Returns*,Triangular,Natural Red Coral weighing 5.44 carat (6.04 ratti) from Italy,,,,,,2,2,,,Unheated and Untreated (No Indications Observed),22-Apr-26,red-coral-gp159132,red-coral-gp159132,GP,133150,4,,Products,5.44,0.15,,6.04,6.04,Apparel & Accessories > Jewelry > Loose Stones,1,0,1,0,0,1,1,1,0,1,1,,1,0,1,0,1,0,1,0,0,544,,1.09,No,Express Dispatch,Loose Gemstone,5.44 ct Red Coral Natural Original Top Quality Lab Certified Gemstone of carat (6.04 ratti),"Buy Natural Red Coral - Italy (Triangular) 5.44 for sale online, weighing carats (roughly 6.04 ratti). The cost price of the stone is provided and its per carat can be calculated by dividing weight (5.44 carat). has many benefits. This gem stated to Unheated Untreated. value good considering properties effects. certified photos, video lab certificate are available on our online store.",Red Coral - Italy (Triangular),5.44 ct Certified Red Coral - Unheated and Untreated Natural Top Quality Gemstone weighing carat (6.04 ratti),Red,adult,unisex,FALSE,,,,,,,,,,,,,Cabochon,Red Coral - Italy (Triangular)-Cabochon-Non Calibrated,6,96019040,0,GP159132,5843a,,Red Coral,,3 - Semi-Precious,12000,2000,"Deaddiction, Remove Negativity",5.25,2.7,1.550 Spot,Umesh,,MP
133151,GP159133,/g/p/gp159133-1-220426.jpg,gp159133-220426.mp4,admin,Gemstones,simple,,base,,5.52,AGR Certified,Red,Red,,,22-Apr-26,,,,,Cabochon,Natural Red Coral weighing 5.52 carat In Triangular shape,11.49x10.73x6.92 mm,,,Not Calibrated,0 Business Days (+5 days for typical Jewellery; +14 days for Bracelet/Gold/CZ/Diamond Items),,,Red Coral,Natural,Not Applicable,Red Coral,,,0,,,,,,Unknown,,,Natural Red Coral - 5.52 Carats (GP159133) from Italy,,,use config,use config,Red Coral - 5.52 Carats,22-Apr-26,,Block after Info Column,Italy,,,12200,2210,,Single Stone,,0,10 Day Money-Back Returns*,Triangular,Natural Red Coral weighing 5.52 carat (6.13 ratti) from Italy,,,,,,2,2,,,Unheated and Untreated (No Indications Observed),22-Apr-26,red-coral-gp159133,red-coral-gp159133,GP,133151,4,,Products,5.52,0.15,,6.13,6.13,Apparel & Accessories > Jewelry > Loose Stones,1,0,1,0,0,1,1,1,0,1,1,,1,0,1,0,1,0,1,0,0,552,,1.1,No,Express Dispatch,Loose Gemstone,5.52 ct Red Coral Natural Original Top Quality Lab Certified Gemstone of carat (6.13 ratti),"Buy Natural Red Coral - Italy (Triangular) 5.52 for sale online, weighing carats (roughly 6.13 ratti). The cost price of the stone is provided and its per carat can be calculated by dividing weight (5.52 carat). has many benefits. This gem stated to Unheated Untreated. value good considering properties effects. certified photos, video lab certificate are available on our online store.",Red Coral - Italy (Triangular),5.52 ct Certified Red Coral - Unheated and Untreated Natural Top Quality Gemstone weighing carat (6.13 ratti),Red,adult,unisex,FALSE,,,,,,,,,,,,,Cabochon,Red Coral - Italy (Triangular)-Cabochon-Non Calibrated,6,96019040,0,GP159133,5843a,,Red Coral,,3 - Semi-Precious,12000,2000,"Deaddiction, Remove Negativity",5.5,2.7,1.550 Spot,Umesh,,MP
133152,GP159134,/g/p/gp159134-1-220426.jpg,gp159134-220426.mp4,admin,Gemstones,simple,,base,,5.03,AGR Certified,Red,Red,,,22-Apr-26,,,,,Cabochon,Natural Red Coral weighing 5.03 carat In Triangular shape,12.19x11.54x6.74 mm,,,Not Calibrated,0 Business Days (+5 days for typical Jewellery; +14 days for Bracelet/Gold/CZ/Diamond Items),,,Red Coral,Natural,Not Applicable,Red Coral,,,0,,,,,,Unknown,,,Natural Red Coral - 5.03 Carats (GP159134) from Italy,,,use config,use config,Red Coral - 5.03 Carats,22-Apr-26,,Block after Info Column,Italy,,,11900,2366,,Single Stone,,0,10 Day Money-Back Returns*,Triangular,Natural Red Coral weighing 5.03 carat (5.59 ratti) from Italy,,,,,,2,2,,,Unheated and Untreated (No Indications Observed),22-Apr-26,red-coral-gp159134,red-coral-gp159134,GP,133152,4,,Products,5.03,0.15,,5.59,5.59,Apparel & Accessories > Jewelry > Loose Stones,1,0,1,0,0,1,1,1,0,1,1,,1,0,1,0,1,0,1,0,0,503,,1.01,No,Express Dispatch,Loose Gemstone,5.03 ct Red Coral Natural Original Top Quality Lab Certified Gemstone of carat (5.59 ratti),"Buy Natural Red Coral - Italy (Triangular) 5.03 for sale online, weighing carats (roughly 5.59 ratti). The cost price of the stone is provided and its per carat can be calculated by dividing weight (5.03 carat). has many benefits. This gem stated to Unheated Untreated. value good considering properties effects. certified photos, video lab certificate are available on our online store.",Red Coral - Italy (Triangular),5.03 ct Certified Red Coral - Unheated and Untreated Natural Top Quality Gemstone weighing carat (5.59 ratti),Red,adult,unisex,FALSE,,,,,,,,,,,,,Cabochon,Red Coral - Italy (Triangular)-Cabochon-Non Calibrated,5.5,96019040,0,GP159134,5843a,,Red Coral,,3 - Semi-Precious,11500,2000,"Deaddiction, Remove Negativity",5,2.7,1.550 Spot,Umesh,,MP
133153,GP159135,/g/p/gp159135-1-220426.jpg,gp159135-220426.mp4,admin,Gemstones,simple,,base,,6.71,AGR Certified,Red,Red,,,22-Apr-26,,,,,Cabochon,Natural Red Coral weighing 6.71 carat In Cylinder shape,16.82x6.80x6.17 mm,,,Not Calibrated,0 Business Days (+5 days for typical Jewellery; +14 days for Bracelet/Gold/CZ/Diamond Items),,,Red Coral,Natural,Not Applicable,Red Coral,,,0,,,,,,Unknown,,,Natural Red Coral - 6.71 Carats (GP159135) from Italy,,,use config,use config,Red Coral - 6.71 Carats,22-Apr-26,,Block after Info Column,Italy,,,12300,1833,,Single Stone,,0,10 Day Money-Back Returns*,Cylinder,Natural Red Coral weighing 6.71 carat (7.46 ratti) from Italy,,,,,,2,2,,,Unheated and Untreated (No Indications Observed),22-Apr-26,red-coral-gp159135,red-coral-gp159135,GP,133153,4,,Products,6.71,0.15,,7.46,7.46,Apparel & Accessories > Jewelry > Loose Stones,1,0,1,0,0,1,1,1,0,1,1,,1,0,1,0,1,0,1,0,0,671,,1.34,No,Express Dispatch,Loose Gemstone,6.71 ct Red Coral Natural Original Top Quality Lab Certified Gemstone of carat (7.46 ratti),"Buy Natural Red Coral - Italy (Cylinder) 6.71 for sale online, weighing carats (roughly 7.46 ratti). The cost price of the stone is provided and its per carat can be calculated by dividing weight (6.71 carat). has many benefits. This gem stated to Unheated Untreated. value good considering properties effects. certified photos, video lab certificate are available on our online store.",Red Coral - Italy (Cylinder),6.71 ct Certified Red Coral - Unheated and Untreated Natural Top Quality Gemstone weighing carat (7.46 ratti),Red,adult,unisex,FALSE,,,,,,,,,,,,,Cabochon,Red Coral - Italy (Cylinder)-Cabochon-Non Calibrated,7.25,96019040,0,GP159135,5843b,,Red Coral,,3 - Semi-Precious,12000,1500,"Deaddiction, Remove Negativity",6.5,2.7,1.550 Spot,Umesh,,MP
133154,GP159136,/g/p/gp159136-1-220426.jpg,gp159136-220426.mp4,admin,Gemstones,simple,,base,,6.44,AGR Certified,Red,Red,,,22-Apr-26,,,,,Cabochon,Natural Red Coral weighing 6.44 carat In Cylinder shape,15.86x7.30x5.86 mm,,,Not Calibrated,0 Business Days (+5 days for typical Jewellery; +14 days for Bracelet/Gold/CZ/Diamond Items),,,Red Coral,Natural,Not Applicable,Red Coral,,,0,,,,,,Unknown,,,Natural Red Coral - 6.44 Carats (GP159136) from Italy,,,use config,use config,Red Coral - 6.44 Carats,22-Apr-26,,Block after Info Column,Italy,,,9500,1475,,Single Stone,,0,10 Day Money-Back Returns*,Cylinder,Natural Red Coral weighing 6.44 carat (7.16 ratti) from Italy,,,,,,2,2,,,Unheated and Untreated (No Indications Observed),22-Apr-26,red-coral-gp159136,red-coral-gp159136,GP,133154,4,,Products,6.44,0.15,,7.16,7.16,Apparel & Accessories > Jewelry > Loose Stones,1,0,1,0,0,1,1,1,0,1,1,,1,0,1,0,1,0,1,0,0,644,,1.29,No,Express Dispatch,Loose Gemstone,6.44 ct Red Coral Natural Original Top Quality Lab Certified Gemstone of carat (7.16 ratti),"Buy Natural Red Coral - Italy (Cylinder) 6.44 for sale online, weighing carats (roughly 7.16 ratti). The cost price of the stone is provided and its per carat can be calculated by dividing weight (6.44 carat). has many benefits. This gem stated to Unheated Untreated. value good considering properties effects. certified photos, video lab certificate are available on our online store.",Red Coral - Italy (Cylinder),6.44 ct Certified Red Coral - Unheated and Untreated Natural Top Quality Gemstone weighing carat (7.16 ratti),Red,adult,unisex,FALSE,,,,,,,,,,,,,Cabochon,Red Coral - Italy (Cylinder)-Cabochon-Non Calibrated,7,96019040,0,GP159136,5843b,,Red Coral,,3 - Semi-Precious,9500,1000,"Inspires Creativity, improves Health",6.25,2.7,1.550 Spot,Umesh,,MP
133155,GP159137,/g/p/gp159137-1-220426.jpg,gp159137-220426.mp4,admin,Gemstones,simple,,base,,6.43,AGR Certified,Red,Red,,,22-Apr-26,,,,,Cabochon,Natural Red Coral weighing 6.43 carat In Cylinder shape,16.92x7.30x5.68 mm,,,Not Calibrated,0 Business Days (+5 days for typical Jewellery; +14 days for Bracelet/Gold/CZ/Diamond Items),,,Red Coral,Natural,Not Applicable,Red Coral,,,0,,,,,,Unknown,,,Natural Red Coral - 6.43 Carats (GP159137) from Italy,,,use config,use config,Red Coral - 6.43 Carats,22-Apr-26,,Block after Info Column,Italy,,,11800,1835,,Single Stone,,0,10 Day Money-Back Returns*,Cylinder,Natural Red Coral weighing 6.43 carat (7.14 ratti) from Italy,,,,,,2,2,,,Unheated and Untreated (No Indications Observed),22-Apr-26,red-coral-gp159137,red-coral-gp159137,GP,133155,4,,Products,6.43,0.15,,7.14,7.14,Apparel & Accessories > Jewelry > Loose Stones,1,0,1,0,0,1,1,1,0,1,1,,1,0,1,0,1,0,1,0,0,643,,1.29,No,Express Dispatch,Loose Gemstone,6.43 ct Red Coral Natural Original Top Quality Lab Certified Gemstone of carat (7.14 ratti),"Buy Natural Red Coral - Italy (Cylinder) 6.43 for sale online, weighing carats (roughly 7.14 ratti). The cost price of the stone is provided and its per carat can be calculated by dividing weight (6.43 carat). has many benefits. This gem stated to Unheated Untreated. value good considering properties effects. certified photos, video lab certificate are available on our online store.",Red Coral - Italy (Cylinder),6.43 ct Certified Red Coral - Unheated and Untreated Natural Top Quality Gemstone weighing carat (7.14 ratti),Red,adult,unisex,FALSE,,,,,,,,,,,,,Cabochon,Red Coral - Italy (Cylinder)-Cabochon-Non Calibrated,7,96019040,0,GP159137,5843b,,Red Coral,,3 - Semi-Precious,11500,1500,"Inspires Creativity, improves Health",6.25,2.7,1.550 Spot,Umesh,,MP
133018,GP159100,/g/p/gp159100-1-220426.jpg,gp159100-220426.mp4,admin,Gemstones,simple,,base,,7.49,ITLGR Certified,Green,Green,,,22-Apr-26,,,,,Faceted,Natural Emerald weighing 7.49 carat In Oval shape,14.95x12.22x5.11 mm,,,Not Calibrated,0 Business Days (+5 days for typical Jewellery; +14 days for Bracelet/Gold/CZ/Diamond Items),,,Emerald,Natural,Not Applicable,Emerald,,,0,,,,,,Unknown,,,Natural Emerald - 7.49 Carats (GP159100) from Zambia,,,use config,use config,Emerald - 7.49 Carats,22-Apr-26,,Block after Info Column,Zambia,,,31500,4206,,Single Stone,,0,10 Day Money-Back Returns*,Oval,Natural Emerald weighing 7.49 carat (8.32 ratti) from Zambia,,,,,,2,2,,,Unheated and Untreated (Oiling Only),22-Apr-26,emerald-gp159100,emerald-gp159100,GP,133018,4,,Products,7.49,0.15,,8.32,8.32,Apparel & Accessories > Jewelry > Loose Stones,1,0,1,0,0,1,1,1,0,1,1,,1,0,1,0,1,0,1,0,0,749,,1.5,No,Express Dispatch,Loose Gemstone,7.49 ct Emerald Natural Original Top Quality Lab Certified Gemstone of carat (8.32 ratti),"Buy Natural Emerald - Zambia 7.49 for sale online, weighing carats (roughly 8.32 ratti). The cost price of the stone is provided and its per carat can be calculated by dividing weight (7.49 carat). has many benefits. This gem stated to Unheated (Oiling). value good considering properties effects. certified photos, video lab certificate are available on our online store.",Emerald - Zambia,7.49 ct Certified Emerald - Unheated (Oiling) Natural Top Quality Gemstone weighing carat (8.32 ratti),Green,adult,unisex,FALSE,,,,,,,,,,,,,Faceted,Emerald - Zambia-Faceted-Non Calibrated,8.25,71039130,0,GP159100,5828a,,Emerald,,2 - Mid-Precious,31500,4000,,7.25,2.72,1.580 - 1.590,Umesh,,MP
133019,GP159101,/g/p/gp159101-1-220426.jpg,gp159101-220426.mp4,admin,Gemstones,simple,,base,,4.13,ITLGR Certified,Green,Green,,,22-Apr-26,,,,,Faceted,Natural Emerald weighing 4.13 carat In Oval shape,11.35x9.16x5.90 mm,,,Not Calibrated,0 Business Days (+5 days for typical Jewellery; +14 days for Bracelet/Gold/CZ/Diamond Items),,,Emerald,Natural,Not Applicable,Emerald,,,0,,,,,,Unknown,,,Natural Emerald - 4.13 Carats (GP159101) from Zambia,,,use config,use config,Emerald - 4.13 Carats,22-Apr-26,,Block after Info Column,Zambia,,,6600,1598,,Single Stone,,0,10 Day Money-Back Returns*,Oval,Natural Emerald weighing 4.13 carat (4.59 ratti) from Zambia,,,,,,2,2,,,Unheated and Untreated (Oiling Only),22-Apr-26,emerald-gp159101,emerald-gp159101,GP,133019,4,,Products,4.13,0.15,,4.59,4.59,Apparel & Accessories > Jewelry > Loose Stones,1,0,1,0,0,1,1,1,0,1,1,,1,0,1,0,1,0,1,0,0,413,,0.83,No,Express Dispatch,Loose Gemstone,4.13 ct Emerald Natural Original Top Quality Lab Certified Gemstone of carat (4.59 ratti),"Buy Natural Emerald - Zambia 4.13 for sale online, weighing carats (roughly 4.59 ratti). The cost price of the stone is provided and its per carat can be calculated by dividing weight (4.13 carat). has many benefits. This gem stated to Unheated (Oiling). value good considering properties effects. certified photos, video lab certificate are available on our online store.",Emerald - Zambia,4.13 ct Certified Emerald - Unheated (Oiling) Natural Top Quality Gemstone weighing carat (4.59 ratti),Green,adult,unisex,FALSE,,,,,,,,,,,,,Faceted,Emerald - Zambia-Faceted-Non Calibrated,4.5,71039130,0,GP159101,5828a,,Emerald,,2 - Mid-Precious,6500,1500,,4,2.72,1.580 - 1.590,Umesh,,MP
133027,GP159102,/g/p/gp159102-1-220426.jpg,gp159102-220426.mp4,admin,Gemstones,simple,,base,,4.08,ITLGR Certified,Green,Green,,,22-Apr-26,,,,,Faceted,Natural Emerald weighing 4.08 carat In Oval shape,11.65x9.05x5.29 mm,,,Not Calibrated,0 Business Days (+5 days for typical Jewellery; +14 days for Bracelet/Gold/CZ/Diamond Items),,,Emerald,Natural,Not Applicable,Emerald,,,0,,,,,,Unknown,,,Natural Emerald - 4.08 Carats (GP159102) from Zambia,,,use config,use config,Emerald - 4.08 Carats,22-Apr-26,,Block after Info Column,Zambia,,,11500,2819,,Single Stone,,0,10 Day Money-Back Returns*,Oval,Natural Emerald weighing 4.08 carat (4.53 ratti) from Zambia,,,,,,2,2,,,Unheated and Untreated (Oiling Only),22-Apr-26,emerald-gp159102,emerald-gp159102,GP,133027,4,,Products,4.08,0.15,,4.53,4.53,Apparel & Accessories > Jewelry > Loose Stones,1,0,1,0,0,1,1,1,0,1,1,,1,0,1,0,1,0,1,0,0,408,,0.82,No,Express Dispatch,Loose Gemstone,4.08 ct Emerald Natural Original Top Quality Lab Certified Gemstone of carat (4.53 ratti),"Buy Natural Emerald - Zambia 4.08 for sale online, weighing carats (roughly 4.53 ratti). The cost price of the stone is provided and its per carat can be calculated by dividing weight (4.08 carat). has many benefits. This gem stated to Unheated (Oiling). value good considering properties effects. certified photos, video lab certificate are available on our online store.",Emerald - Zambia,4.08 ct Certified Emerald - Unheated (Oiling) Natural Top Quality Gemstone weighing carat (4.53 ratti),Green,adult,unisex,FALSE,,,,,,,,,,,,,Faceted,Emerald - Zambia-Faceted-Non Calibrated,4.5,71039130,0,GP159102,5828a,,Emerald,,2 - Mid-Precious,11500,2500,,4,2.72,1.580 - 1.590,Umesh,,MP
133028,GP159103,/g/p/gp159103-1-220426.jpg,gp159103-220426.mp4,admin,Gemstones,simple,,base,,3.67,ITLGR Certified,Green,Green,,,22-Apr-26,,,,,Faceted,Natural Emerald weighing 3.67 carat In Oval shape,11.41x8.84x5.16 mm,,,Not Calibrated,0 Business Days (+5 days for typical Jewellery; +14 days for Bracelet/Gold/CZ/Diamond Items),,,Emerald,Natural,Not Applicable,Emerald,,,0,,,,,,Unknown,,,Natural Emerald - 3.67 Carats (GP159103) from Zambia,,,use config,use config,Emerald - 3.67 Carats,22-Apr-26,,Block after Info Column,Zambia,,,14000,3815,,Single Stone,,0,10 Day Money-Back Returns*,Oval,Natural Emerald weighing 3.67 carat (4.08 ratti) from Zambia,,,,,,2,2,,,Unheated and Untreated (Oiling Only),22-Apr-26,emerald-gp159103,emerald-gp159103,GP,133028,4,,Products,3.67,0.15,,4.08,4.08,Apparel & Accessories > Jewelry > Loose Stones,1,0,1,0,0,1,1,1,0,1,1,,1,0,1,0,1,0,1,0,0,367,,0.73,No,Express Dispatch,Loose Gemstone,3.67 ct Emerald Natural Original Top Quality Lab Certified Gemstone of carat (4.08 ratti),"Buy Natural Emerald - Zambia 3.67 for sale online, weighing carats (roughly 4.08 ratti). The cost price of the stone is provided and its per carat can be calculated by dividing weight (3.67 carat). has many benefits. This gem stated to Unheated (Oiling). value good considering properties effects. certified photos, video lab certificate are available on our online store.",Emerald - Zambia,3.67 ct Certified Emerald - Unheated (Oiling) Natural Top Quality Gemstone weighing carat (4.08 ratti),Green,adult,unisex,FALSE,,,,,,,,,,,,,Faceted,Emerald - Zambia-Faceted-Non Calibrated,4,71039130,0,GP159103,5828a,,Emerald,,2 - Mid-Precious,14000,3500,,3.5,2.72,1.580 - 1.590,Umesh,,MP
133038,GP159104,/g/p/gp159104-1-220426.jpg,gp159104-220426.mp4,admin,Gemstones,simple,,base,,0.91,ITLGR Certified,White,White,,,22-Apr-26,,,,,Faceted,Natural White Sapphire weighing 0.91 carat In Octagonal shape,6.04x4.74x2.90 mm,,,Not Calibrated,0 Business Days (+5 days for typical Jewellery; +14 days for Bracelet/Gold/CZ/Diamond Items),,,White Sapphire,Natural,Not Applicable,White Sapphire,,,0,,,,,,Unknown,,,Natural White Sapphire - 0.91 Carats (GP159104) from Sri Lanka (Ceylon),,,use config,use config,White Sapphire - 0.91 Carats,22-Apr-26,,Block after Info Column,Sri Lanka (Ceylon),,,32600,35824,,Single Stone,,0,10 Day Money-Back Returns*,Octagonal,Natural White Sapphire weighing 0.91 carat (1.01 ratti) from Sri Lanka (Ceylon),,,,,,2,2,,,Unheated and Untreated (No Indications Observed),22-Apr-26,white-sapphire-gp159104,white-sapphire-gp159104,GP,133038,4,,Products,0.91,0.15,,1.01,1.01,Apparel & Accessories > Jewelry > Loose Stones,1,0,1,0,0,1,1,1,0,1,1,,1,0,1,0,1,0,1,0,0,91,,0.18,No,Express Dispatch,Loose Gemstone,0.91 ct White Sapphire Natural Original Top Quality Lab Certified Gemstone of carat (1.01 ratti),"Buy Natural White Sapphire - Sri Lanka 0.91 for sale online, weighing carats (roughly 1.01 ratti). The cost price of the stone is provided and its per carat can be calculated by dividing weight (0.91 carat). has many benefits. This gem stated to Unheated Untreated. value good considering properties effects. certified photos, video lab certificate are available on our online store.",White Sapphire - Sri Lanka,0.91 ct Certified White Sapphire - Unheated and Untreated Natural Top Quality Gemstone weighing carat (1.01 ratti),White,adult,unisex,FALSE,,,,,,,,,,,,,Faceted,White Sapphire - Sri Lanka-Faceted-Non Calibrated,1,71039120,0,GP159104,5836a,,White Sapphire,,1 - Precious,32500,35500,,0.75,4,1.760 - 1.770,Umesh,,MP
133039,GP159105,/g/p/gp159105-1-220426.jpg,gp159105-220426.mp4,admin,Gemstones,simple,,base,,1.23,ITLGR Certified,White,White,,,22-Apr-26,,,,,Faceted,Natural White Sapphire weighing 1.23 carat In Octagonal shape,7.02x5.39x3.08 mm,,,Not Calibrated,0 Business Days (+5 days for typical Jewellery; +14 days for Bracelet/Gold/CZ/Diamond Items),,,White Sapphire,Natural,Not Applicable,White Sapphire,,,0,,,,,,Unknown,,,Natural White Sapphire - 1.23 Carats (GP159105) from Sri Lanka (Ceylon),,,use config,use config,White Sapphire - 1.23 Carats,22-Apr-26,,Block after Info Column,Sri Lanka (Ceylon),,,33700,27398,,Single Stone,,0,10 Day Money-Back Returns*,Octagonal,Natural White Sapphire weighing 1.23 carat (1.37 ratti) from Sri Lanka (Ceylon),,,,,,2,2,,,Unheated and Untreated (No Indications Observed),22-Apr-26,white-sapphire-gp159105,white-sapphire-gp159105,GP,133039,4,,Products,1.23,0.15,,1.37,1.37,Apparel & Accessories > Jewelry > Loose Stones,1,0,1,0,0,1,1,1,0,1,1,,1,0,1,0,1,0,1,0,0,123,,0.25,No,Express Dispatch,Loose Gemstone,1.23 ct White Sapphire Natural Original Top Quality Lab Certified Gemstone of carat (1.37 ratti),"Buy Natural White Sapphire - Sri Lanka 1.23 for sale online, weighing carats (roughly 1.37 ratti). The cost price of the stone is provided and its per carat can be calculated by dividing weight (1.23 carat). has many benefits. This gem stated to Unheated Untreated. value good considering properties effects. certified photos, video lab certificate are available on our online store.",White Sapphire - Sri Lanka,1.23 ct Certified White Sapphire - Unheated and Untreated Natural Top Quality Gemstone weighing carat (1.37 ratti),White,adult,unisex,FALSE,,,,,,,,,,,,,Faceted,White Sapphire - Sri Lanka-Faceted-Non Calibrated,1.25,71039120,0,GP159105,5836a,,White Sapphire,,3 - Semi-Precious,33500,27000,,1,4,1.760 - 1.770,Umesh,,MP
133117,GP159108,/g/p/gp159108-1-220426.jpg,gp159108-220426.mp4,admin,Gemstones,simple,,base,,1.53,ITLGR Certified,Yellow,Yellow,,,22-Apr-26,,,,,Faceted,Natural Citrine weighing 1.53 carat In Oval shape,8.76x6.89x4.31 mm,,,Calibrated,0 Business Days (+5 days for typical Jewellery; +14 days for Bracelet/Gold/CZ/Diamond Items),,,Citrine,Natural,Not Applicable,Citrine,,,0,,,,,,Unknown,,,Natural Citrine 9x7 MM - 1.53 Carats (GP159108) from Brazil,,,use config,use config,Citrine 9x7 MM - 1.53 Carats,22-Apr-26,,Block after Info Column,Brazil,,,2300,1503,,Single Stone,,0,10 Day Money-Back Returns*,Oval,Natural Citrine weighing 1.53 carat (1.7 ratti) from Brazil,,,,,,2,2,,,Unheated and Untreated (No Indications Observed),22-Apr-26,citrine-gp159108,citrine-gp159108,GP,133117,4,,Products,1.53,0.15,,1.7,1.7,Apparel & Accessories > Jewelry > Loose Stones,1,0,1,0,0,1,1,1,0,1,1,,1,0,1,0,1,0,1,0,0,153,,0.31,No,Express Dispatch,Loose Gemstone,1.53 ct Citrine Natural Original Top Quality Lab Certified Gemstone of carat (1.7 ratti),"Buy Natural Citrine - All 1.53 for sale online, weighing carats (roughly 1.7 ratti). The cost price of the stone is provided and its per carat can be calculated by dividing weight (1.53 carat). has many benefits. This gem stated to Unheated Untreated. value good considering properties effects. certified photos, video lab certificate are available on our online store.",Citrine - All,1.53 ct Certified Citrine - Unheated and Untreated Natural Top Quality Gemstone weighing carat (1.7 ratti),Yellow,adult,unisex,FALSE,,,,,,,,,,,,,Faceted,Citrine - All-Faceted-Calibrated,1.5,71039949,0,GP159108,5835c,,Citrine,,3 - Semi-Precious,2000,1500,,1.5,2.65,1.540 - 1.550,Umesh,9x7,MP
133118,GP159109,/g/p/gp159109-1-220426.jpg,gp159109-220426.mp4,admin,Gemstones,simple,,base,,3.69,ITLGR Certified,Yellow,Yellow,,,22-Apr-26,,,,,Faceted,Natural Citrine weighing 3.69 carat In Cushion shape,9.79x9.75x6.01 mm,,,Not Calibrated,0 Business Days (+5 days for typical Jewellery; +14 days for Bracelet/Gold/CZ/Diamond Items),,,Citrine,Natural,Not Applicable,Citrine,,,0,,,,,,Unknown,,,Natural Citrine - 3.69 Carats (GP159109) from Brazil,,,use config,use config,Citrine - 3.69 Carats,22-Apr-26,,Block after Info Column,Brazil,,,3700,1003,,Single Stone,,0,10 Day Money-Back Returns*,Cushion,Natural Citrine weighing 3.69 carat (4.1 ratti) from Brazil,,,,,,2,2,,,Unheated and Untreated (No Indications Observed),22-Apr-26,citrine-gp159109,citrine-gp159109,GP,133118,4,,Products,3.69,0.15,,4.1,4.1,Apparel & Accessories > Jewelry > Loose Stones,1,0,1,0,0,1,1,1,0,1,1,,1,0,1,0,1,0,1,0,0,369,,0.74,No,Express Dispatch,Loose Gemstone,3.69 ct Citrine Natural Original Top Quality Lab Certified Gemstone of carat (4.1 ratti),"Buy Natural Citrine - All 3.69 for sale online, weighing carats (roughly 4.1 ratti). The cost price of the stone is provided and its per carat can be calculated by dividing weight (3.69 carat). has many benefits. This gem stated to Unheated Untreated. value good considering properties effects. certified photos, video lab certificate are available on our online store.",Citrine - All,3.69 ct Certified Citrine - Unheated and Untreated Natural Top Quality Gemstone weighing carat (4.1 ratti),Yellow,adult,unisex,FALSE,,,,,,,,,,,,,Faceted,Citrine - All-Faceted-Non Calibrated,4,71039949,0,GP159109,5835c,,Citrine,,2 - Mid-Precious,3500,1000,Improves Leadership Qualities,3.5,2.65,1.540 - 1.550,Umesh,,MP
133119,GP159110,/g/p/gp159110-1-220426.jpg,gp159110-220426.mp4,admin,Gemstones,simple,,base,,3.22,ITLGR Certified,Yellow,Yellow,,,22-Apr-26,,,,,Faceted,Natural Citrine weighing 3.22 carat In Round shape,9.83x9.71x6.26 mm,,,Calibrated,0 Business Days (+5 days for typical Jewellery; +14 days for Bracelet/Gold/CZ/Diamond Items),,,Citrine,Natural,Not Applicable,Citrine,,,0,,,,,,Unknown,,,Natural Citrine 10 MM - 3.22 Carats (GP159110) from Brazil,,,use config,use config,Citrine 10 MM - 3.22 Carats,22-Apr-26,,Block after Info Column,Brazil,,,4500,1398,,Single Stone,,0,10 Day Money-Back Returns*,Round,Natural Citrine weighing 3.22 carat (3.58 ratti) from Brazil,,,,,,2,2,,,Unheated and Untreated (No Indications Observed),22-Apr-26,citrine-gp159110,citrine-gp159110,GP,133119,4,,Products,3.22,0.15,,3.58,3.58,Apparel & Accessories > Jewelry > Loose Stones,1,0,1,0,0,1,1,1,0,1,1,,1,0,1,0,1,0,1,0,0,322,,0.64,No,Express Dispatch,Loose Gemstone,3.22 ct Citrine Natural Original Top Quality Lab Certified Gemstone of carat (3.58 ratti),"Buy Natural Citrine - All 3.22 for sale online, weighing carats (roughly 3.58 ratti). The cost price of the stone is provided and its per carat can be calculated by dividing weight (3.22 carat). has many benefits. This gem stated to Unheated Untreated. value good considering properties effects. certified photos, video lab certificate are available on our online store.",Citrine - All,3.22 ct Certified Citrine - Unheated and Untreated Natural Top Quality Gemstone weighing carat (3.58 ratti),Yellow,adult,unisex,FALSE,,,,,,,,,,,,,Faceted,Citrine - All-Faceted-Calibrated,3.5,71039949,0,GP159110,5835c,,Citrine,,2 - Mid-Precious,4500,1000,Improves Leadership Qualities,3,2.65,1.540 - 1.550,Umesh,10,MP
133120,GP159111,/g/p/gp159111-1-220426.jpg,gp159111-220426.mp4,admin,Gemstones,simple,,base,,1.68,ITLGR Certified,Yellow,Yellow,,,22-Apr-26,,,,,Faceted,Natural Citrine weighing 1.68 carat In Round shape,8.04x7.93x5.00 mm,,,Calibrated,0 Business Days (+5 days for typical Jewellery; +14 days for Bracelet/Gold/CZ/Diamond Items),,,Citrine,Natural,Not Applicable,Citrine,,,0,,,,,,Unknown,,,Natural Citrine 8 MM - 1.68 Carats (GP159111) from Brazil,,,use config,use config,Citrine 8 MM - 1.68 Carats,22-Apr-26,,Block after Info Column,Brazil,,,3350,1994,,Single Stone,,0,10 Day Money-Back Returns*,Round,Natural Citrine weighing 1.68 carat (1.87 ratti) from Brazil,,,,,,2,2,,,Unheated and Untreated (No Indications Observed),22-Apr-26,citrine-gp159111,citrine-gp159111,GP,133120,4,,Products,1.68,0.15,,1.87,1.87,Apparel & Accessories > Jewelry > Loose Stones,1,0,1,0,0,1,1,1,0,1,1,,1,0,1,0,1,0,1,0,0,168,,0.34,No,Express Dispatch,Loose Gemstone,1.68 ct Citrine Natural Original Top Quality Lab Certified Gemstone of carat (1.87 ratti),"Buy Natural Citrine - All 1.68 for sale online, weighing carats (roughly 1.87 ratti). The cost price of the stone is provided and its per carat can be calculated by dividing weight (1.68 carat). has many benefits. This gem stated to Unheated Untreated. value good considering properties effects. certified photos, video lab certificate are available on our online store.",Citrine - All,1.68 ct Certified Citrine - Unheated and Untreated Natural Top Quality Gemstone weighing carat (1.87 ratti),Yellow,adult,unisex,FALSE,,,,,,,,,,,,,Faceted,Citrine - All-Faceted-Calibrated,1.75,71039949,0,GP159111,5835c,,Citrine,,2 - Mid-Precious,3000,1500,Improves Leadership Qualities,1.5,2.65,1.540 - 1.550,Umesh,8,MP
133121,GP159112,/g/p/gp159112-1-220426.jpg,gp159112-220426.mp4,admin,Gemstones,simple,,base,,1.06,ITLGR Certified,Yellow,Yellow,,,22-Apr-26,,,,,Faceted,Natural Citrine weighing 1.06 carat In Triangular shape,6.98x6.94x4.35 mm,,,Calibrated,0 Business Days (+5 days for typical Jewellery; +14 days for Bracelet/Gold/CZ/Diamond Items),,,Citrine,Natural,Not Applicable,Citrine,,,0,,,,,,Unknown,,,Natural Citrine 7 MM - 1.06 Carats (GP159112) from Brazil,,,use config,use config,Citrine 7 MM - 1.06 Carats,22-Apr-26,,Block after Info Column,Brazil,,,1700,1604,,Single Stone,,0,10 Day Money-Back Returns*,Triangular,Natural Citrine weighing 1.06 carat (1.18 ratti) from Brazil,,,,,,2,2,,,Unheated and Untreated (No Indications Observed),22-Apr-26,citrine-gp159112,citrine-gp159112,GP,133121,4,,Products,1.06,0.15,,1.18,1.18,Apparel & Accessories > Jewelry > Loose Stones,1,0,1,0,0,1,1,1,0,1,1,,1,0,1,0,1,0,1,0,0,106,,0.21,No,Express Dispatch,Loose Gemstone,1.06 ct Citrine Natural Original Top Quality Lab Certified Gemstone of carat (1.18 ratti),"Buy Natural Citrine - All 1.06 for sale online, weighing carats (roughly 1.18 ratti). The cost price of the stone is provided and its per carat can be calculated by dividing weight (1.06 carat). has many benefits. This gem stated to Unheated Untreated. value good considering properties effects. certified photos, video lab certificate are available on our online store.",Citrine - All,1.06 ct Certified Citrine - Unheated and Untreated Natural Top Quality Gemstone weighing carat (1.18 ratti),Yellow,adult,unisex,FALSE,,,,,,,,,,,,,Faceted,Citrine - All-Faceted-Calibrated,1,71039949,0,GP159112,5835c,,Citrine,,2 - Mid-Precious,1500,1500,Improves Leadership Qualities,1,2.65,1.540 - 1.550,Umesh,7,MP
133190,GP159138,/g/p/gp159138-1-220426.jpg,gp159138-220426.mp4,admin,Gemstones,simple,,base,,1.31,ITLGR Certified,Blue,Blue,,,22-Apr-26,,,,,Faceted,Natural Blue Topaz weighing 1.31 carat In Oval shape,8.17x6.17x3.62 mm,,,Calibrated,0 Business Days (+5 days for typical Jewellery; +14 days for Bracelet/Gold/CZ/Diamond Items),,,Blue Topaz,Natural,Not Applicable,Blue Topaz,,,0,,,,,,Unknown,,,Natural London Blue Topaz 8x6 MM - 1.31 Carats (GP159138),,,use config,use config,London Blue Topaz 8x6 MM - 1.31 Carats,22-Apr-26,,Block after Info Column,,,,1850,1412,,Single Stone,,0,10 Day Money-Back Returns*,Oval,Natural Blue Topaz weighing 1.31 carat (1.46 ratti),,,,,,2,2,,,All Blue Topaz worldwide is always Irradiated,22-Apr-26,blue-topaz-gp159138,blue-topaz-gp159138,GP,133190,4,,Products,1.31,0.15,,1.46,1.46,Apparel & Accessories > Jewelry > Loose Stones,1,0,1,0,0,1,1,1,0,1,1,,1,0,1,0,1,0,1,0,0,131,,0.26,Yes,Express Dispatch,Loose Gemstone,1.31 ct Blue Topaz Natural Original Top Quality Lab Certified Gemstone of carat (1.46 ratti),"Buy Natural Blue Topaz - London 1.31 for sale online, weighing carats (roughly 1.46 ratti). The cost price of the stone is provided and its per carat can be calculated by dividing weight (1.31 carat). has many benefits. This gem stated to Irradiated. value good considering properties effects. certified photos, video lab certificate are available on our online store.",Blue Topaz - London Blue,1.31 ct Certified Blue Topaz - Irradiated Natural Top Quality Gemstone weighing carat (1.46 ratti),Blue,adult,unisex,FALSE,,,,,,,,,,,,,Faceted,Blue Topaz - London Blue-Faceted-Calibrated,1.25,71039990,0,GP159138,5842a,,London Blue Topaz,,2 - Mid-Precious,1500,1000,Improves Leadership Qualities,1.25,3.55,1.610 - 1.620,Umesh,8x6,MP
133191,GP159139,/g/p/gp159139-1-220426.jpg,gp159139-220426.mp4,admin,Gemstones,simple,,base,,1.6,ITLGR Certified,Blue,Blue,,,22-Apr-26,,,,,Faceted,Natural Blue Topaz weighing 1.60 carat In Oval shape,7.86x6.06x4.40 mm,,,Calibrated,0 Business Days (+5 days for typical Jewellery; +14 days for Bracelet/Gold/CZ/Diamond Items),,,Blue Topaz,Natural,Not Applicable,Blue Topaz,,,0,,,,,,Unknown,,,Natural London Blue Topaz 8x6 MM - 1.60 Carats (GP159139),,,use config,use config,London Blue Topaz 8x6 MM - 1.60 Carats,22-Apr-26,,Block after Info Column,,,,2250,1406,,Single Stone,,0,10 Day Money-Back Returns*,Oval,Natural Blue Topaz weighing 1.60 carat (1.78 ratti),,,,,,2,2,,,All Blue Topaz worldwide is always Irradiated,22-Apr-26,blue-topaz-gp159139,blue-topaz-gp159139,GP,133191,4,,Products,1.6,0.15,,1.78,1.78,Apparel & Accessories > Jewelry > Loose Stones,1,0,1,0,0,1,1,1,0,1,1,,1,0,1,0,1,0,1,0,0,160,,0.32,Yes,Express Dispatch,Loose Gemstone,1.60 ct Blue Topaz Natural Original Top Quality Lab Certified Gemstone of carat (1.78 ratti),"Buy Natural Blue Topaz - London 1.60 for sale online, weighing carats (roughly 1.78 ratti). The cost price of the stone is provided and its per carat can be calculated by dividing weight (1.60 carat). has many benefits. This gem stated to Irradiated. value good considering properties effects. certified photos, video lab certificate are available on our online store.",Blue Topaz - London Blue,1.60 ct Certified Blue Topaz - Irradiated Natural Top Quality Gemstone weighing carat (1.78 ratti),Blue,adult,unisex,FALSE,,,,,,,,,,,,,Faceted,Blue Topaz - London Blue-Faceted-Calibrated,1.75,71039990,0,GP159139,5842a,,London Blue Topaz,,2 - Mid-Precious,2000,1000,Improves Leadership Qualities,1.5,3.55,1.610 - 1.620,Umesh,8x6,MP
133192,GP159140,/g/p/gp159140-1-220426.jpg,gp159140-220426.mp4,admin,Gemstones,simple,,base,,1.39,ITLGR Certified,Blue,Blue,,,22-Apr-26,,,,,Faceted,Natural Blue Topaz weighing 1.39 carat In Oval shape,7.99x6.08x3.93 mm,,,Calibrated,0 Business Days (+5 days for typical Jewellery; +14 days for Bracelet/Gold/CZ/Diamond Items),,,Blue Topaz,Natural,Not Applicable,Blue Topaz,,,0,,,,,,Unknown,,,Natural London Blue Topaz 8x6 MM - 1.39 Carats (GP159140),,,use config,use config,London Blue Topaz 8x6 MM - 1.39 Carats,22-Apr-26,,Block after Info Column,,,,1950,1403,,Single Stone,,0,10 Day Money-Back Returns*,Oval,Natural Blue Topaz weighing 1.39 carat (1.54 ratti),,,,,,2,2,,,All Blue Topaz worldwide is always Irradiated,22-Apr-26,blue-topaz-gp159140,blue-topaz-gp159140,GP,133192,4,,Products,1.39,0.15,,1.54,1.54,Apparel & Accessories > Jewelry > Loose Stones,1,0,1,0,0,1,1,1,0,1,1,,1,0,1,0,1,0,1,0,0,139,,0.28,Yes,Express Dispatch,Loose Gemstone,1.39 ct Blue Topaz Natural Original Top Quality Lab Certified Gemstone of carat (1.54 ratti),"Buy Natural Blue Topaz - London 1.39 for sale online, weighing carats (roughly 1.54 ratti). The cost price of the stone is provided and its per carat can be calculated by dividing weight (1.39 carat). has many benefits. This gem stated to Irradiated. value good considering properties effects. certified photos, video lab certificate are available on our online store.",Blue Topaz - London Blue,1.39 ct Certified Blue Topaz - Irradiated Natural Top Quality Gemstone weighing carat (1.54 ratti),Blue,adult,unisex,FALSE,,,,,,,,,,,,,Faceted,Blue Topaz - London Blue-Faceted-Calibrated,1.5,71039990,0,GP159140,5842a,,London Blue Topaz,,2 - Mid-Precious,1500,1000,Improves Leadership Qualities,1.25,3.55,1.610 - 1.620,Umesh,8x6,MP
133193,GP159141,/g/p/gp159141-1-220426.jpg,gp159141-220426.mp4,admin,Gemstones,simple,,base,,1.43,ITLGR Certified,Blue,Blue,,,22-Apr-26,,,,,Faceted,Natural Blue Topaz weighing 1.43 carat In Oval shape,8.00x6.02x4.01 mm,,,Calibrated,0 Business Days (+5 days for typical Jewellery; +14 days for Bracelet/Gold/CZ/Diamond Items),,,Blue Topaz,Natural,Not Applicable,Blue Topaz,,,0,,,,,,Unknown,,,Natural London Blue Topaz 8x6 MM - 1.43 Carats (GP159141),,,use config,use config,London Blue Topaz 8x6 MM - 1.43 Carats,22-Apr-26,,Block after Info Column,,,,2000,1399,,Single Stone,,0,10 Day Money-Back Returns*,Oval,Natural Blue Topaz weighing 1.43 carat (1.59 ratti),,,,,,2,2,,,All Blue Topaz worldwide is always Irradiated,22-Apr-26,blue-topaz-gp159141,blue-topaz-gp159141,GP,133193,4,,Products,1.43,0.15,,1.59,1.59,Apparel & Accessories > Jewelry > Loose Stones,1,0,1,0,0,1,1,1,0,1,1,,1,0,1,0,1,0,1,0,0,143,,0.29,Yes,Express Dispatch,Loose Gemstone,1.43 ct Blue Topaz Natural Original Top Quality Lab Certified Gemstone of carat (1.59 ratti),"Buy Natural Blue Topaz - London 1.43 for sale online, weighing carats (roughly 1.59 ratti). The cost price of the stone is provided and its per carat can be calculated by dividing weight (1.43 carat). has many benefits. This gem stated to Irradiated. value good considering properties effects. certified photos, video lab certificate are available on our online store.",Blue Topaz - London Blue,1.43 ct Certified Blue Topaz - Irradiated Natural Top Quality Gemstone weighing carat (1.59 ratti),Blue,adult,unisex,FALSE,,,,,,,,,,,,,Faceted,Blue Topaz - London Blue-Faceted-Calibrated,1.5,71039990,0,GP159141,5842a,,London Blue Topaz,,2 - Mid-Precious,2000,1000,Improves Leadership Qualities,1.25,3.55,1.610 - 1.620,Umesh,8x6,MP
133194,GP159142,/g/p/gp159142-1-220426.jpg,gp159142-220426.mp4,admin,Gemstones,simple,,base,,1.77,ITLGR Certified,Blue,Blue,,,22-Apr-26,,,,,Faceted,Natural Blue Topaz weighing 1.77 carat In Oval shape,8.91x6.91x4.00 mm,,,Calibrated,0 Business Days (+5 days for typical Jewellery; +14 days for Bracelet/Gold/CZ/Diamond Items),,,Blue Topaz,Natural,Not Applicable,Blue Topaz,,,0,,,,,,Unknown,,,Natural London Blue Topaz 9x7 MM - 1.77 Carats (GP159142),,,use config,use config,London Blue Topaz 9x7 MM - 1.77 Carats,22-Apr-26,,Block after Info Column,,,,2500,1412,,Single Stone,,0,10 Day Money-Back Returns*,Oval,Natural Blue Topaz weighing 1.77 carat (1.97 ratti),,,,,,2,2,,,All Blue Topaz worldwide is always Irradiated,22-Apr-26,blue-topaz-gp159142,blue-topaz-gp159142,GP,133194,4,,Products,1.77,0.15,,1.97,1.97,Apparel & Accessories > Jewelry > Loose Stones,1,0,1,0,0,1,1,1,0,1,1,,1,0,1,0,1,0,1,0,0,177,,0.35,Yes,Express Dispatch,Loose Gemstone,1.77 ct Blue Topaz Natural Original Top Quality Lab Certified Gemstone of carat (1.97 ratti),"Buy Natural Blue Topaz - London 1.77 for sale online, weighing carats (roughly 1.97 ratti). The cost price of the stone is provided and its per carat can be calculated by dividing weight (1.77 carat). has many benefits. This gem stated to Irradiated. value good considering properties effects. certified photos, video lab certificate are available on our online store.",Blue Topaz - London Blue,1.77 ct Certified Blue Topaz - Irradiated Natural Top Quality Gemstone weighing carat (1.97 ratti),Blue,adult,unisex,FALSE,,,,,,,,,,,,,Faceted,Blue Topaz - London Blue-Faceted-Calibrated,1.75,71039990,0,GP159142,5842b,,London Blue Topaz,,3 - Semi-Precious,2500,1000,,1.75,3.55,1.610 - 1.620,Umesh,9x7,MP
133195,GP159143,/g/p/gp159143-1-220426.jpg,gp159143-220426.mp4,admin,Gemstones,simple,,base,,1.96,ITLGR Certified,Blue,Blue,,,22-Apr-26,,,,,Faceted,Natural Blue Topaz weighing 1.96 carat In Oval shape,9.10x7.21x4.02 mm,,,Calibrated,0 Business Days (+5 days for typical Jewellery; +14 days for Bracelet/Gold/CZ/Diamond Items),,,Blue Topaz,Natural,Not Applicable,Blue Topaz,,,0,,,,,,Unknown,,,Natural London Blue Topaz 9x7 MM - 1.96 Carats (GP159143),,,use config,use config,London Blue Topaz 9x7 MM - 1.96 Carats,22-Apr-26,,Block after Info Column,,,,2750,1403,,Single Stone,,0,10 Day Money-Back Returns*,Oval,Natural Blue Topaz weighing 1.96 carat (2.18 ratti),,,,,,2,2,,,All Blue Topaz worldwide is always Irradiated,22-Apr-26,blue-topaz-gp159143,blue-topaz-gp159143,GP,133195,4,,Products,1.96,0.15,,2.18,2.18,Apparel & Accessories > Jewelry > Loose Stones,1,0,1,0,0,1,1,1,0,1,1,,1,0,1,0,1,0,1,0,0,196,,0.39,Yes,Express Dispatch,Loose Gemstone,1.96 ct Blue Topaz Natural Original Top Quality Lab Certified Gemstone of carat (2.18 ratti),"Buy Natural Blue Topaz - London 1.96 for sale online, weighing carats (roughly 2.18 ratti). The cost price of the stone is provided and its per carat can be calculated by dividing weight (1.96 carat). has many benefits. This gem stated to Irradiated. value good considering properties effects. certified photos, video lab certificate are available on our online store.",Blue Topaz - London Blue,1.96 ct Certified Blue Topaz - Irradiated Natural Top Quality Gemstone weighing carat (2.18 ratti),Blue,adult,unisex,FALSE,,,,,,,,,,,,,Faceted,Blue Topaz - London Blue-Faceted-Calibrated,2,71039990,0,GP159143,5842b,,London Blue Topaz,,3 - Semi-Precious,2500,1000,,1.75,3.55,1.610 - 1.620,Umesh,9x7,MP
133196,GP159144,/g/p/gp159144-1-220426.jpg,gp159144-220426.mp4,admin,Gemstones,simple,,base,,1.92,ITLGR Certified,Blue,Blue,,,22-Apr-26,,,,,Faceted,Natural Blue Topaz weighing 1.92 carat In Oval shape,9.03x7.03x4.22 mm,,,Calibrated,0 Business Days (+5 days for typical Jewellery; +14 days for Bracelet/Gold/CZ/Diamond Items),,,Blue Topaz,Natural,Not Applicable,Blue Topaz,,,0,,,,,,Unknown,,,Natural London Blue Topaz 9x7 MM - 1.92 Carats (GP159144),,,use config,use config,London Blue Topaz 9x7 MM - 1.92 Carats,22-Apr-26,,Block after Info Column,,,,2700,1406,,Single Stone,,0,10 Day Money-Back Returns*,Oval,Natural Blue Topaz weighing 1.92 carat (2.13 ratti),,,,,,2,2,,,All Blue Topaz worldwide is always Irradiated,22-Apr-26,blue-topaz-gp159144,blue-topaz-gp159144,GP,133196,4,,Products,1.92,0.15,,2.13,2.13,Apparel & Accessories > Jewelry > Loose Stones,1,0,1,0,0,1,1,1,0,1,1,,1,0,1,0,1,0,1,0,0,192,,0.38,Yes,Express Dispatch,Loose Gemstone,1.92 ct Blue Topaz Natural Original Top Quality Lab Certified Gemstone of carat (2.13 ratti),"Buy Natural Blue Topaz - London 1.92 for sale online, weighing carats (roughly 2.13 ratti). The cost price of the stone is provided and its per carat can be calculated by dividing weight (1.92 carat). has many benefits. This gem stated to Irradiated. value good considering properties effects. certified photos, video lab certificate are available on our online store.",Blue Topaz - London Blue,1.92 ct Certified Blue Topaz - Irradiated Natural Top Quality Gemstone weighing carat (2.13 ratti),Blue,adult,unisex,FALSE,,,,,,,,,,,,,Faceted,Blue Topaz - London Blue-Faceted-Calibrated,2,71039990,0,GP159144,5842b,,London Blue Topaz,,3 - Semi-Precious,2500,1000,Improves Leadership Qualities,1.75,3.55,1.610 - 1.620,Umesh,9x7,MP
133197,GP159145,/g/p/gp159145-1-220426.jpg,gp159145-220426.mp4,admin,Gemstones,simple,,base,,1.92,ITLGR Certified,Blue,Blue,,,22-Apr-26,,,,,Faceted,Natural Blue Topaz weighing 1.92 carat In Oval shape,8.99x7.09x4.10 mm,,,Calibrated,0 Business Days (+5 days for typical Jewellery; +14 days for Bracelet/Gold/CZ/Diamond Items),,,Blue Topaz,Natural,Not Applicable,Blue Topaz,,,0,,,,,,Unknown,,,Natural London Blue Topaz 9x7 MM - 1.92 Carats (GP159145),,,use config,use config,London Blue Topaz 9x7 MM - 1.92 Carats,22-Apr-26,,Block after Info Column,,,,2700,1406,,Single Stone,,0,10 Day Money-Back Returns*,Oval,Natural Blue Topaz weighing 1.92 carat (2.13 ratti),,,,,,2,2,,,All Blue Topaz worldwide is always Irradiated,22-Apr-26,blue-topaz-gp159145,blue-topaz-gp159145,GP,133197,4,,Products,1.92,0.15,,2.13,2.13,Apparel & Accessories > Jewelry > Loose Stones,1,0,1,0,0,1,1,1,0,1,1,,1,0,1,0,1,0,1,0,0,192,,0.38,Yes,Express Dispatch,Loose Gemstone,1.92 ct Blue Topaz Natural Original Top Quality Lab Certified Gemstone of carat (2.13 ratti),"Buy Natural Blue Topaz - London 1.92 for sale online, weighing carats (roughly 2.13 ratti). The cost price of the stone is provided and its per carat can be calculated by dividing weight (1.92 carat). has many benefits. This gem stated to Irradiated. value good considering properties effects. certified photos, video lab certificate are available on our online store.",Blue Topaz - London Blue,1.92 ct Certified Blue Topaz - Irradiated Natural Top Quality Gemstone weighing carat (2.13 ratti),Blue,adult,unisex,FALSE,,,,,,,,,,,,,Faceted,Blue Topaz - London Blue-Faceted-Calibrated,2,71039990,0,GP159145,5842b,,London Blue Topaz,,3 - Semi-Precious,2500,1000,,1.75,3.55,1.610 - 1.620,Umesh,9x7,MP
132616,GP159096,/g/p/gp159096-1-220426.jpg,gp159096-220426.mp4,admin,Gemstones,simple,,base,,5.96,IIGJ Certified,Red,Purplish Red,,,22-Apr-26,,,,,Faceted,Natural Ruby weighing 5.96 carat In Cushion shape,11.60x10.44x4.86 mm,,,Not Calibrated,0 Business Days (+5 days for typical Jewellery; +14 days for Bracelet/Gold/CZ/Diamond Items),,,Ruby,Natural,Not Applicable,Ruby,,,0,,,,,,Unknown,,,Natural Burmese Ruby - 5.96 Carats (GP159096) from Myanmar (Burma),,,use config,use config,Burmese Ruby - 5.96 Carats,22-Apr-26,,Block after Info Column,Myanmar (Burma),,,75500,12668,,Single Stone,,0,10 Day Money-Back Returns*,Cushion,Natural Ruby weighing 5.96 carat (6.62 ratti) from Myanmar (Burma),,,,,,2,2,,,Unheated and Untreated (No Indications Observed),22-Apr-26,ruby-gp159096,ruby-gp159096,GP,132616,4,,Products,5.96,0.15,,6.62,6.62,Apparel & Accessories > Jewelry > Loose Stones,1,0,1,0,0,1,1,1,0,1,1,,1,0,1,0,1,0,1,0,0,596,,1.19,No,Express Dispatch,Loose Gemstone,5.96 ct Ruby Natural Original Top Quality Lab Certified Gemstone of carat (6.62 ratti),"Buy Natural Ruby - Myanmar 5.96 for sale online, weighing carats (roughly 6.62 ratti). The cost price of the stone is provided and its per carat can be calculated by dividing weight (5.96 carat). has many benefits. This gem stated to Unheated Untreated. value good considering properties effects. certified photos, video lab certificate are available on our online store.",Ruby - Myanmar,5.96 ct Certified Ruby - Unheated and Untreated Natural Top Quality Gemstone weighing carat (6.62 ratti),Red,adult,unisex,FALSE,,,,,,,,,,,,,Faceted,Ruby - Myanmar-Faceted-Non Calibrated,6.5,71039110,0,GP159096,5780c,gjepc,Ruby,,3 - Semi-Precious,75500,12500,,5.75,4,1.760 - 1.770,Umesh,,P
132617,GP159097,/g/p/gp159097-1-220426.jpg,gp159097-220426.mp4,admin,Gemstones,simple,,base,,6.36,IIGJ Certified,Red,Purplish Red,,,22-Apr-26,,,,,Faceted,Natural Ruby weighing 6.36 carat In Oval shape,12.49x8.93x5.63 mm,,,Not Calibrated,0 Business Days (+5 days for typical Jewellery; +14 days for Bracelet/Gold/CZ/Diamond Items),,,Ruby,Natural,Not Applicable,Ruby,,,0,,,,,,Unknown,,,Natural Burmese Ruby - 6.36 Carats (GP159097) from Myanmar (Burma),,,use config,use config,Burmese Ruby - 6.36 Carats,22-Apr-26,,Block after Info Column,Myanmar (Burma),,,234500,36871,,Single Stone,,0,10 Day Money-Back Returns*,Oval,Natural Ruby weighing 6.36 carat (7.07 ratti) from Myanmar (Burma),,,,,,2,2,,,Unheated and Untreated (No Indications Observed),22-Apr-26,ruby-gp159097,ruby-gp159097,GP,132617,4,,Products,6.36,0.15,,7.07,7.07,Apparel & Accessories > Jewelry > Loose Stones,1,0,1,0,0,1,1,1,0,1,1,,1,0,1,0,1,0,1,0,0,636,,1.27,No,Express Dispatch,Loose Gemstone,6.36 ct Ruby Natural Original Top Quality Lab Certified Gemstone of carat (7.07 ratti),"Buy Natural Ruby - Myanmar 6.36 for sale online, weighing carats (roughly 7.07 ratti). The cost price of the stone is provided and its per carat can be calculated by dividing weight (6.36 carat). has many benefits. This gem stated to Unheated Untreated. value good considering properties effects. certified photos, video lab certificate are available on our online store.",Ruby - Myanmar,6.36 ct Certified Ruby - Unheated and Untreated Natural Top Quality Gemstone weighing carat (7.07 ratti),Red,adult,unisex,FALSE,,,,,,,,,,,,,Faceted,Ruby - Myanmar-Faceted-Non Calibrated,7,71039110,0,GP159097,5780c,gjepc,Ruby,,3 - Semi-Precious,234500,36500,,6.25,4,1.760 - 1.770,Umesh,,P
132623,GP159098,/g/p/gp159098-1-220426.jpg,gp159098-220426.mp4,admin,Gemstones,simple,,base,,7.43,IIGJ Certified,Red,Purplish Red,,,22-Apr-26,,,,,Faceted,Natural Ruby weighing 7.43 carat In Oval shape,13.78x8.28x7.55 mm,,,Not Calibrated,0 Business Days (+5 days for typical Jewellery; +14 days for Bracelet/Gold/CZ/Diamond Items),,,Ruby,Natural,Not Applicable,Ruby,,,0,,,,,,Unknown,,,Natural Burmese Ruby - 7.43 Carats (GP159098) from Myanmar (Burma),,,use config,use config,Burmese Ruby - 7.43 Carats,22-Apr-26,,Block after Info Column,Myanmar (Burma),,,208500,28062,,Single Stone,,0,10 Day Money-Back Returns*,Oval,Natural Ruby weighing 7.43 carat (8.26 ratti) from Myanmar (Burma),,,,,,2,2,,,Unheated and Untreated (No Indications Observed),22-Apr-26,ruby-gp159098,ruby-gp159098,GP,132623,4,,Products,7.43,0.15,,8.26,8.26,Apparel & Accessories > Jewelry > Loose Stones,1,0,1,0,0,1,1,1,0,1,1,,1,0,1,0,1,0,1,0,0,743,,1.49,No,Express Dispatch,Loose Gemstone,7.43 ct Ruby Natural Original Top Quality Lab Certified Gemstone of carat (8.26 ratti),"Buy Natural Ruby - Myanmar 7.43 for sale online, weighing carats (roughly 8.26 ratti). The cost price of the stone is provided and its per carat can be calculated by dividing weight (7.43 carat). has many benefits. This gem stated to Unheated Untreated. value good considering properties effects. certified photos, video lab certificate are available on our online store.",Ruby - Myanmar,7.43 ct Certified Ruby - Unheated and Untreated Natural Top Quality Gemstone weighing carat (8.26 ratti),Red,adult,unisex,FALSE,,,,,,,,,,,,,Faceted,Ruby - Myanmar-Faceted-Non Calibrated,8.25,71039110,0,GP159098,5780e,gjepc,Ruby,,3 - Semi-Precious,208500,28000,,7.25,4,1.760 - 1.770,Umesh,,P
132624,GP159099,/g/p/gp159099-1-220426.jpg,gp159099-220426.mp4,admin,Gemstones,simple,,base,,6.41,IIGJ Certified,Red,Purplish Red,,,22-Apr-26,,,,,Faceted,Natural Ruby weighing 6.41 carat In Oval shape,12.05x8.02x5.72 mm,,,Not Calibrated,0 Business Days (+5 days for typical Jewellery; +14 days for Bracelet/Gold/CZ/Diamond Items),,,Ruby,Natural,Not Applicable,Ruby,,,0,,,,,,Unknown,,,Natural Burmese Ruby - 6.41 Carats (GP159099) from Myanmar (Burma),,,use config,use config,Burmese Ruby - 6.41 Carats,22-Apr-26,,Block after Info Column,Myanmar (Burma),,,164500,25663,,Single Stone,,0,10 Day Money-Back Returns*,Oval,Natural Ruby weighing 6.41 carat (7.12 ratti) from Myanmar (Burma),,,,,,2,2,,,Unheated and Untreated (No Indications Observed),22-Apr-26,ruby-gp159099,ruby-gp159099,GP,132624,4,,Products,6.41,0.15,,7.12,7.12,Apparel & Accessories > Jewelry > Loose Stones,1,0,1,0,0,1,1,1,0,1,1,,1,0,1,0,1,0,1,0,0,641,,1.28,No,Express Dispatch,Loose Gemstone,6.41 ct Ruby Natural Original Top Quality Lab Certified Gemstone of carat (7.12 ratti),"Buy Natural Ruby - Myanmar 6.41 for sale online, weighing carats (roughly 7.12 ratti). The cost price of the stone is provided and its per carat can be calculated by dividing weight (6.41 carat). has many benefits. This gem stated to Unheated Untreated. value good considering properties effects. certified photos, video lab certificate are available on our online store.",Ruby - Myanmar,6.41 ct Certified Ruby - Unheated and Untreated Natural Top Quality Gemstone weighing carat (7.12 ratti),Red,adult,unisex,FALSE,,,,,,,,,,,,,Faceted,Ruby - Myanmar-Faceted-Non Calibrated,7,71039110,0,GP159099,5780e,gjepc,Ruby,,2 - Mid-Precious,164500,25500,,6.25,4,1.760 - 1.770,Umesh,,P
27327-5,GP159146,/g/p/gp159146-1-220426.jpg,gp159146-220426.mp4,admin,Gemstones,simple,,base,,5.06,Free Lab Certificate,Yellow,Yellow,,,22-Apr-26,,,,,Faceted,Natural Yellow Sapphire weighing 5.06 carat In Cushion shape,10.7x9.2x5 mm,,,Calibrated,3 Business Days (+5 days for typical Jewellery; +14 days for Bracelet/Gold/CZ/Diamond Items),,,Yellow Sapphire,Natural,Not Applicable,Yellow Sapphire,,,0,,,,,,Unknown,,,Natural Yellow Sapphire 11x9 MM - 5.06 Carats (GP159146) from Sri Lanka (Ceylon),,,use config,use config,Yellow Sapphire 11x9 MM - 5.06 Carats,22-Apr-26,,Block after Info Column,Sri Lanka (Ceylon),,,685000,135375,,Single Stone,,0,10 Day Money-Back Returns*,Cushion,Natural Yellow Sapphire weighing 5.06 carat (5.62 ratti) from Sri Lanka (Ceylon),,,,,,2,2,,,Unheated and Untreated (No Indications Observed),22-Apr-26,yellow-sapphire-gp159146,yellow-sapphire-gp159146,Vendor_IN,Vendor_IN-27327-5-5.06-22 04-2026,4,,Products,5.06,0.15,,5.62,5.62,Apparel & Accessories > Jewelry > Loose Stones,1,0,1,0,0,1,1,1,0,1,1,,1,0,1,0,1,0,1,0,0,506,,1.01,No,,Loose Gemstone,5.06 ct Yellow Sapphire Natural Original Top Quality Lab Certified Gemstone of carat (5.62 ratti),"Buy Natural Yellow Sapphire - Sri Lanka 5.06 for sale online, weighing carats (roughly 5.62 ratti). The cost price of the stone is provided and its per carat can be calculated by dividing weight (5.06 carat). has many benefits. This gem stated to Unheated Untreated. value good considering properties effects. certified photos, video lab certificate are available on our online store.",Yellow Sapphire - Sri Lanka,5.06 ct Certified Yellow Sapphire - Unheated and Untreated Natural Top Quality Gemstone weighing carat (5.62 ratti),Yellow,adult,unisex,FALSE,,,,,,,,,,,,,Faceted,Yellow Sapphire - Sri Lanka-Faceted-Calibrated,5.5,71039120,3,GP-159146,,,Yellow Sapphire,,3 - Semi-Precious,685000,135000,,5,4,1.760 - 1.770,Umesh,11x9,P
27337-1,GP159147,/g/p/gp159147-1-220426.jpg,gp159147-220426.mp4,admin,Gemstones,simple,,base,,17.5,Free Lab Certificate,Green,Green,,,22-Apr-26,,,,,Faceted,Natural Emerald weighing 17.50 carat In Octagonal shape,17.87x13.2x8.3 mm,,,Calibrated,3 Business Days (+5 days for typical Jewellery; +14 days for Bracelet/Gold/CZ/Diamond Items),,,Emerald,Natural,Not Applicable,Emerald,,,0,,,,,,Unknown,,,Natural Emerald 18x13 MM - 17.50 Carats (GP159147) from Zambia,,,use config,use config,Emerald 18x13 MM - 17.50 Carats,22-Apr-26,,Block after Info Column,Zambia,,,700000,0,,Single Stone,,0,10 Day Money-Back Returns*,Octagonal,Natural Emerald weighing 17.50 carat (19.44 ratti) from Zambia,,,,,,2,2,,,Unheated and Untreated (Oiling Only),22-Apr-26,emerald-gp159147,emerald-gp159147,Vendor_IN,Vendor_IN-27337-1-17.5-22 04-2026,4,,Products,17.5,0.15,,19.44,19.44,Apparel & Accessories > Jewelry > Loose Stones,1,0,1,0,0,1,1,1,0,1,1,,1,0,1,0,1,0,1,0,0,1750,,3.5,No,Call for Price,Loose Gemstone,17.50 ct Emerald Natural Original Top Quality Lab Certified Gemstone of carat (19.44 ratti),"Buy Natural Emerald - Zambia 17.50 for sale online, weighing carats (roughly 19.44 ratti). The cost price of the stone is provided and its per carat can be calculated by dividing weight (17.50 carat). has many benefits. This gem stated to Unheated (Oiling). value good considering properties effects. certified photos, video lab certificate are available on our online store.",Emerald - Zambia,17.50 ct Certified Emerald - Unheated (Oiling) Natural Top Quality Gemstone weighing carat (19.44 ratti),Green,adult,unisex,FALSE,,,,,,,,,,,,Call for Price,Faceted,Emerald - Zambia-Faceted-Calibrated,19.25,71039130,3,GP-159147,,,Emerald,"This is an exclusive and rare category of the gemstone. The price for this category starts from USD 30,000. Please share your contact details and our Emerald  expert will call you to share the exact price.",3 - Semi-Precious,Call for Price,Call for Price,,17.5,2.72,1.580 - 1.590,Umesh,18x13,P
